14 Apr 11:13:53 ntpd[3588]: ntpd 4.2.8p18@1.4091-o Apr 14 10:51:57.25 (UTC+03:00) 2026  (39): Starting
14 Apr 11:13:53 ntpd[3588]: Command line: ntpd.exe -U 3 -D 2 -M -g -c ntp.conf -l ntp.log
14 Apr 11:13:53 ntpd[3588]: ----------------------------------------------------
14 Apr 11:13:53 ntpd[3588]: ntp-4 is maintained by Network Time Foundation,
14 Apr 11:13:53 ntpd[3588]: Inc. (NTF), a non-profit 501(c)(3) public-benefit
14 Apr 11:13:53 ntpd[3588]: corporation.  Support and training for ntp-4 are
14 Apr 11:13:53 ntpd[3588]: available at https://www.nwtime.org/support
14 Apr 11:13:53 ntpd[3588]: ----------------------------------------------------
14 Apr 11:13:53 ntpd[3588]: DEBUG behavior is enabled - a violation of any diagnostic assertion will cause ntpd to abort
14 Apr 11:13:53 ntpd[3588]: Raised to realtime priority class
14 Apr 11:13:53 ntpd[3588]: Clock interrupt period 15.625 msec
14 Apr 11:13:53 ntpd[3588]: Performance counter frequency 10.000 MHz
14 Apr 11:13:53 ntpd[3588]: set_process_priority: Leave priority alone: priority_done is <2>
14 Apr 11:13:53 ntpd[3588]: proto: precision = 0.400 usec (-21)
14 Apr 11:13:53 ntpd[3588]: basedate set to 2026-04-02
14 Apr 11:13:53 ntpd[3588]: gps base set to 2026-04-05 (week 2413)
14 Apr 11:13:53 ntpd[3588]: Listen and drop on 0 v6wildcard [::]:123
14 Apr 11:13:53 ntpd[3588]: Listen and drop on 1 v4wildcard 0.0.0.0:123
14 Apr 11:13:53 ntpd[3588]: Listen normally on 2 Ethernet0 2 192.168.1.19:123
14 Apr 11:13:53 ntpd[3588]: Listen normally on 3 Loopback Pseudo-Interface 1 [::1]:123
14 Apr 11:13:53 ntpd[3588]: Listen normally on 4 Loopback Pseudo-Interface 1 127.0.0.1:123
14 Apr 11:13:54 ntpd[3588]: NTS:peer_xmit---has NTS_FLAG
14 Apr 11:13:54 ntpd[3588]: nts_run_peer_sync: no usable cached session; performing fresh NTS-KE
14 Apr 11:13:54 ntpd[3588]: nts_perform_client_handshake: ALPN status=1 ext=2 idSize=7
14 Apr 11:13:54 ntpd[3588]: nts_refresh_session: TLS handshake succeeded
14 Apr 11:13:54 ntpd[3588]: nts_perform_nts_ke_handshake: starting NTS-KE request
14 Apr 11:13:54 ntpd[3588]: nts_perform_nts_ke_handshake: request sent, waiting for response
14 Apr 11:13:54 ntpd[3588]: nts_perform_nts_ke_handshake: response received: 816 bytes
14 Apr 11:13:54 ntpd[3588]: nts_perform_nts_ke_handshake: parsed successfully. AEAD=15 Cookies=8 NTPPort=123
14 Apr 11:13:54 ntpd[3588]: nts_perform_nts_ke_handshake: C2S key size=32 S2C key size=32
14 Apr 11:13:54 ntpd[3588]: nts_aead_seal: AEAD=15 key=32 aad=184 pt=0
14 Apr 11:13:54 ntpd[3588]: nts_aead_seal: success nonce=16 ciphertext=16
14 Apr 11:13:54 ntpd[3588]: nts_append_nts_authenticator_ef: nonceLen=16 ctLen=16 extraPadding=0
14 Apr 11:13:54 ntpd[3588]: nts_do_authenticated_ntp_sync: received UDP NTP response: 224 bytes
14 Apr 11:13:54 ntpd[3588]: nts_aead_open: AEAD=15 key=32 aad=84 nonce=16 ct=116
14 Apr 11:13:54 ntpd[3588]: nts_do_authenticated_ntp_sync: authenticated NTP response verified successfully
14 Apr 11:13:54 ntpd[3588]: nts_do_authenticated_ntp_sync: decrypted inner EF bytes: 100
14 Apr 11:13:54 ntpd[3588]: nts_do_authenticated_ntp_sync: cookies left after consume: 7
14 Apr 11:13:54 ntpd[3588]: nts_do_authenticated_ntp_sync: returned cookies: 1
14 Apr 11:13:54 ntpd[3588]: nts_do_authenticated_ntp_sync: Cookie[0] 47 d6 d0 67 da 32 f9 22 ...
14 Apr 11:13:54 ntpd[3588]: nts_do_authenticated_ntp_sync: Cookie[1] 47 d6 d0 67 bf 0e a6 51 ...
14 Apr 11:13:54 ntpd[3588]: nts_do_authenticated_ntp_sync: Cookie[2] 47 d6 d0 67 c2 04 6f bb ...
14 Apr 11:13:54 ntpd[3588]: nts_do_authenticated_ntp_sync: Cookie[3] 47 d6 d0 67 af 81 e7 b3 ...
14 Apr 11:13:54 ntpd[3588]: nts_do_authenticated_ntp_sync: Cookie[4] 47 d6 d0 67 9f cb a4 75 ...
14 Apr 11:13:54 ntpd[3588]: nts_do_authenticated_ntp_sync: Cookie[5] 47 d6 d0 67 03 82 b5 c8 ...
14 Apr 11:13:54 ntpd[3588]: nts_do_authenticated_ntp_sync: Cookie[6] 47 d6 d0 67 f8 3f 5b 4f ...
14 Apr 11:13:54 ntpd[3588]: nts_do_authenticated_ntp_sync: Cookie[7] 47 d6 d0 67 68 24 c0 32 ...
14 Apr 11:13:54 ntpd[3588]: nts_update_cookies_in_session: refreshed cookies saved to: C:\Users\sebi\AppData\Local\Temp\NTSClient\1.ntp.ubuntu.com.sqlite
14 Apr 11:13:54 ntpd[3588]: nts_do_authenticated_ntp_sync: T1 client send    = 1776154434.458070755
14 Apr 11:13:54 ntpd[3588]: nts_do_authenticated_ntp_sync: T2 server receive = 1776154434.673258305
14 Apr 11:13:54 ntpd[3588]: nts_do_authenticated_ntp_sync: T3 server xmit    = 1776154434.673300266
14 Apr 11:13:54 ntpd[3588]: nts_do_authenticated_ntp_sync: T4 client recv    = 1776154434.534658432
14 Apr 11:13:54 ntpd[3588]: nts_do_authenticated_ntp_sync: Offset (sec) = 0.176914692
14 Apr 11:13:54 ntpd[3588]: nts_do_authenticated_ntp_sync: Delay  (sec) = 0.076545715
14 Apr 11:13:54 ntpd[3588]: nts_do_authenticated_ntp_sync: Offset (ms)  = 176.914692
14 Apr 11:13:54 ntpd[3588]: nts_do_authenticated_ntp_sync: Delay  (ms)  = 76.545715
14 Apr 11:13:55 ntpd[3588]: NTS:peer_xmit---has NTS_FLAG
14 Apr 11:13:55 ntpd[3588]: nts_run_peer_sync: no usable cached session; performing fresh NTS-KE
14 Apr 11:13:55 ntpd[3588]: nts_perform_client_handshake: ALPN status=1 ext=2 idSize=7
14 Apr 11:13:55 ntpd[3588]: nts_refresh_session: TLS handshake succeeded
14 Apr 11:13:55 ntpd[3588]: nts_perform_nts_ke_handshake: starting NTS-KE request
14 Apr 11:13:55 ntpd[3588]: nts_perform_nts_ke_handshake: request sent, waiting for response
14 Apr 11:13:55 ntpd[3588]: nts_perform_nts_ke_handshake: response received: 816 bytes
14 Apr 11:13:55 ntpd[3588]: nts_perform_nts_ke_handshake: parsed successfully. AEAD=15 Cookies=8 NTPPort=123
14 Apr 11:13:55 ntpd[3588]: nts_perform_nts_ke_handshake: C2S key size=32 S2C key size=32
14 Apr 11:13:55 ntpd[3588]: nts_aead_seal: AEAD=15 key=32 aad=184 pt=0
14 Apr 11:13:55 ntpd[3588]: nts_aead_seal: success nonce=16 ciphertext=16
14 Apr 11:13:55 ntpd[3588]: nts_append_nts_authenticator_ef: nonceLen=16 ctLen=16 extraPadding=0
14 Apr 11:14:00 ntpd[3588]: nts_send_udp_and_receive: recvfrom failed or timed out, WSAGetLastError=10060
14 Apr 11:14:00 ntpd[3588]: nts_do_authenticated_ntp_sync: nts_send_udp_and_receive failed
14 Apr 11:14:00 ntpd[3588]: nts_run_peer_sync: fresh authenticated NTP failed
14 Apr 11:14:00 ntpd[3588]: NTS:peer_xmit---has NTS_FLAG
14 Apr 11:14:00 ntpd[3588]: nts_run_peer_sync: no usable cached session; performing fresh NTS-KE
14 Apr 11:14:00 ntpd[3588]: nts_perform_client_handshake: ALPN status=1 ext=2 idSize=7
14 Apr 11:14:00 ntpd[3588]: nts_refresh_session: TLS handshake succeeded
14 Apr 11:14:00 ntpd[3588]: nts_perform_nts_ke_handshake: starting NTS-KE request
14 Apr 11:14:00 ntpd[3588]: nts_perform_nts_ke_handshake: request sent, waiting for response
14 Apr 11:14:01 ntpd[3588]: nts_perform_nts_ke_handshake: response received: 816 bytes
14 Apr 11:14:01 ntpd[3588]: nts_perform_nts_ke_handshake: parsed successfully. AEAD=15 Cookies=8 NTPPort=123
14 Apr 11:14:01 ntpd[3588]: nts_perform_nts_ke_handshake: C2S key size=32 S2C key size=32
14 Apr 11:14:01 ntpd[3588]: nts_aead_seal: AEAD=15 key=32 aad=184 pt=0
14 Apr 11:14:01 ntpd[3588]: nts_aead_seal: success nonce=16 ciphertext=16
14 Apr 11:14:01 ntpd[3588]: nts_append_nts_authenticator_ef: nonceLen=16 ctLen=16 extraPadding=0
14 Apr 11:14:01 ntpd[3588]: nts_do_authenticated_ntp_sync: received UDP NTP response: 224 bytes
14 Apr 11:14:01 ntpd[3588]: nts_aead_open: AEAD=15 key=32 aad=84 nonce=16 ct=116
14 Apr 11:14:01 ntpd[3588]: nts_do_authenticated_ntp_sync: authenticated NTP response verified successfully
14 Apr 11:14:01 ntpd[3588]: nts_do_authenticated_ntp_sync: decrypted inner EF bytes: 100
14 Apr 11:14:01 ntpd[3588]: nts_do_authenticated_ntp_sync: cookies left after consume: 7
14 Apr 11:14:01 ntpd[3588]: nts_do_authenticated_ntp_sync: returned cookies: 1
14 Apr 11:14:01 ntpd[3588]: nts_do_authenticated_ntp_sync: Cookie[0] 7c 00 6f ec 8c 73 22 7b ...
14 Apr 11:14:01 ntpd[3588]: nts_do_authenticated_ntp_sync: Cookie[1] 7c 00 6f ec bb 05 6e 99 ...
14 Apr 11:14:01 ntpd[3588]: nts_do_authenticated_ntp_sync: Cookie[2] 7c 00 6f ec 28 67 14 1f ...
14 Apr 11:14:01 ntpd[3588]: nts_do_authenticated_ntp_sync: Cookie[3] 7c 00 6f ec ea 34 80 8d ...
14 Apr 11:14:01 ntpd[3588]: nts_do_authenticated_ntp_sync: Cookie[4] 7c 00 6f ec 3e b7 f6 40 ...
14 Apr 11:14:01 ntpd[3588]: nts_do_authenticated_ntp_sync: Cookie[5] 7c 00 6f ec e4 03 d9 24 ...
14 Apr 11:14:01 ntpd[3588]: nts_do_authenticated_ntp_sync: Cookie[6] 7c 00 6f ec d1 b9 ec 1b ...
14 Apr 11:14:01 ntpd[3588]: nts_do_authenticated_ntp_sync: Cookie[7] 7c 00 6f ec fa 0b 10 21 ...
14 Apr 11:14:01 ntpd[3588]: nts_update_cookies_in_session: refreshed cookies saved to: C:\Users\sebi\AppData\Local\Temp\NTSClient\3.ntp.ubuntu.com.sqlite
14 Apr 11:14:01 ntpd[3588]: nts_do_authenticated_ntp_sync: T1 client send    = 1776154441.166698456
14 Apr 11:14:01 ntpd[3588]: nts_do_authenticated_ntp_sync: T2 server receive = 1776154441.404177427
14 Apr 11:14:01 ntpd[3588]: nts_do_authenticated_ntp_sync: T3 server xmit    = 1776154441.404227734
14 Apr 11:14:01 ntpd[3588]: nts_do_authenticated_ntp_sync: T4 client recv    = 1776154441.295661926
14 Apr 11:14:01 ntpd[3588]: nts_do_authenticated_ntp_sync: Offset (sec) = 0.173022389
14 Apr 11:14:01 ntpd[3588]: nts_do_authenticated_ntp_sync: Delay  (sec) = 0.128913164
14 Apr 11:14:01 ntpd[3588]: nts_do_authenticated_ntp_sync: Offset (ms)  = 173.022389
14 Apr 11:14:01 ntpd[3588]: nts_do_authenticated_ntp_sync: Delay  (ms)  = 128.913164
14 Apr 11:14:02 ntpd[3588]: NTS:peer_xmit---has NTS_FLAG
14 Apr 11:14:02 ntpd[3588]: nts_run_peer_sync: no usable cached session; performing fresh NTS-KE
14 Apr 11:14:02 ntpd[3588]: nts_perform_client_handshake: ALPN status=1 ext=2 idSize=7
14 Apr 11:14:02 ntpd[3588]: nts_refresh_session: TLS handshake succeeded
14 Apr 11:14:02 ntpd[3588]: nts_perform_nts_ke_handshake: starting NTS-KE request
14 Apr 11:14:02 ntpd[3588]: nts_perform_nts_ke_handshake: request sent, waiting for response
14 Apr 11:14:02 ntpd[3588]: nts_perform_nts_ke_handshake: response received: 816 bytes
14 Apr 11:14:02 ntpd[3588]: nts_perform_nts_ke_handshake: parsed successfully. AEAD=15 Cookies=8 NTPPort=123
14 Apr 11:14:02 ntpd[3588]: nts_perform_nts_ke_handshake: C2S key size=32 S2C key size=32
14 Apr 11:14:02 ntpd[3588]: nts_aead_seal: AEAD=15 key=32 aad=184 pt=0
14 Apr 11:14:02 ntpd[3588]: nts_aead_seal: success nonce=16 ciphertext=16
14 Apr 11:14:02 ntpd[3588]: nts_append_nts_authenticator_ef: nonceLen=16 ctLen=16 extraPadding=0
14 Apr 11:14:03 ntpd[3588]: nts_do_authenticated_ntp_sync: received UDP NTP response: 224 bytes
14 Apr 11:14:03 ntpd[3588]: nts_aead_open: AEAD=15 key=32 aad=84 nonce=16 ct=116
14 Apr 11:14:03 ntpd[3588]: nts_do_authenticated_ntp_sync: authenticated NTP response verified successfully
14 Apr 11:14:03 ntpd[3588]: nts_do_authenticated_ntp_sync: decrypted inner EF bytes: 100
14 Apr 11:14:03 ntpd[3588]: nts_do_authenticated_ntp_sync: cookies left after consume: 7
14 Apr 11:14:03 ntpd[3588]: nts_do_authenticated_ntp_sync: returned cookies: 1
14 Apr 11:14:03 ntpd[3588]: nts_do_authenticated_ntp_sync: Cookie[0] 10 f2 9c 61 05 73 c1 32 ...
14 Apr 11:14:03 ntpd[3588]: nts_do_authenticated_ntp_sync: Cookie[1] 10 f2 9c 61 a1 4a 76 4a ...
14 Apr 11:14:03 ntpd[3588]: nts_do_authenticated_ntp_sync: Cookie[2] 10 f2 9c 61 ab 3b 5e 40 ...
14 Apr 11:14:03 ntpd[3588]: nts_do_authenticated_ntp_sync: Cookie[3] 10 f2 9c 61 36 d5 89 3c ...
14 Apr 11:14:03 ntpd[3588]: nts_do_authenticated_ntp_sync: Cookie[4] 10 f2 9c 61 f6 51 ab ea ...
14 Apr 11:14:03 ntpd[3588]: nts_do_authenticated_ntp_sync: Cookie[5] 10 f2 9c 61 6f 6a 57 ec ...
14 Apr 11:14:03 ntpd[3588]: nts_do_authenticated_ntp_sync: Cookie[6] 10 f2 9c 61 a0 bb 3e f7 ...
14 Apr 11:14:03 ntpd[3588]: nts_do_authenticated_ntp_sync: Cookie[7] 10 f2 9c 61 93 d5 d8 c3 ...
14 Apr 11:14:03 ntpd[3588]: nts_update_cookies_in_session: refreshed cookies saved to: C:\Users\sebi\AppData\Local\Temp\NTSClient\4.ntp.ubuntu.com.sqlite
14 Apr 11:14:03 ntpd[3588]: nts_do_authenticated_ntp_sync: T1 client send    = 1776154442.841997147
14 Apr 11:14:03 ntpd[3588]: nts_do_authenticated_ntp_sync: T2 server receive = 1776154443.285891294
14 Apr 11:14:03 ntpd[3588]: nts_do_authenticated_ntp_sync: T3 server xmit    = 1776154443.285959959
14 Apr 11:14:03 ntpd[3588]: nts_do_authenticated_ntp_sync: T4 client recv    = 1776154443.185205460
14 Apr 11:14:03 ntpd[3588]: nts_do_authenticated_ntp_sync: Offset (sec) = 0.272324324
14 Apr 11:14:03 ntpd[3588]: nts_do_authenticated_ntp_sync: Delay  (sec) = 0.343139648
14 Apr 11:14:03 ntpd[3588]: nts_do_authenticated_ntp_sync: Offset (ms)  = 272.324324
14 Apr 11:14:03 ntpd[3588]: nts_do_authenticated_ntp_sync: Delay  (ms)  = 343.139648
14 Apr 11:14:03 ntpd[3588]: NTS:peer_xmit---has NTS_FLAG
14 Apr 11:14:03 ntpd[3588]: nts_run_peer_sync: no usable cached session; performing fresh NTS-KE
14 Apr 11:14:03 ntpd[3588]: nts_perform_client_handshake: ALPN status=1 ext=2 idSize=7
14 Apr 11:14:03 ntpd[3588]: nts_refresh_session: TLS handshake succeeded
14 Apr 11:14:03 ntpd[3588]: nts_perform_nts_ke_handshake: starting NTS-KE request
14 Apr 11:14:03 ntpd[3588]: nts_perform_nts_ke_handshake: request sent, waiting for response
14 Apr 11:14:03 ntpd[3588]: nts_perform_nts_ke_handshake: response received: 872 bytes
14 Apr 11:14:03 ntpd[3588]: nts_perform_nts_ke_handshake: parsed successfully. AEAD=15 Cookies=8 NTPPort=4123
14 Apr 11:14:03 ntpd[3588]: nts_perform_nts_ke_handshake: C2S key size=32 S2C key size=32
14 Apr 11:14:03 ntpd[3588]: nts_aead_seal: AEAD=15 key=32 aad=188 pt=0
14 Apr 11:14:03 ntpd[3588]: nts_aead_seal: success nonce=16 ciphertext=16
14 Apr 11:14:03 ntpd[3588]: nts_append_nts_authenticator_ef: nonceLen=16 ctLen=16 extraPadding=0
14 Apr 11:14:03 ntpd[3588]: nts_do_authenticated_ntp_sync: received UDP NTP response: 228 bytes
14 Apr 11:14:03 ntpd[3588]: nts_aead_open: AEAD=15 key=32 aad=84 nonce=16 ct=120
14 Apr 11:14:03 ntpd[3588]: nts_do_authenticated_ntp_sync: authenticated NTP response verified successfully
14 Apr 11:14:03 ntpd[3588]: nts_do_authenticated_ntp_sync: decrypted inner EF bytes: 104
14 Apr 11:14:03 ntpd[3588]: nts_do_authenticated_ntp_sync: cookies left after consume: 7
14 Apr 11:14:03 ntpd[3588]: nts_do_authenticated_ntp_sync: returned cookies: 1
14 Apr 11:14:03 ntpd[3588]: nts_do_authenticated_ntp_sync: Cookie[0] 20 d1 f8 a0 b4 81 43 15 ...
14 Apr 11:14:03 ntpd[3588]: nts_do_authenticated_ntp_sync: Cookie[1] 20 d1 f8 a0 15 e2 5c c5 ...
14 Apr 11:14:03 ntpd[3588]: nts_do_authenticated_ntp_sync: Cookie[2] 20 d1 f8 a0 9f 06 ce b2 ...
14 Apr 11:14:03 ntpd[3588]: nts_do_authenticated_ntp_sync: Cookie[3] 20 d1 f8 a0 20 0e bc 16 ...
14 Apr 11:14:03 ntpd[3588]: nts_do_authenticated_ntp_sync: Cookie[4] 20 d1 f8 a0 5e 8b 78 dd ...
14 Apr 11:14:03 ntpd[3588]: nts_do_authenticated_ntp_sync: Cookie[5] 20 d1 f8 a0 1d 4e 36 4d ...
14 Apr 11:14:03 ntpd[3588]: nts_do_authenticated_ntp_sync: Cookie[6] 20 d1 f8 a0 3b 62 b6 f6 ...
14 Apr 11:14:03 ntpd[3588]: nts_do_authenticated_ntp_sync: Cookie[7] 20 d1 f8 a0 63 b1 43 64 ...
14 Apr 11:14:03 ntpd[3588]: nts_update_cookies_in_session: refreshed cookies saved to: C:\Users\sebi\AppData\Local\Temp\NTSClient\lul1.nts.netnod.se.sqlite
14 Apr 11:14:03 ntpd[3588]: nts_do_authenticated_ntp_sync: T1 client send    = 1776154443.542873383
14 Apr 11:14:03 ntpd[3588]: nts_do_authenticated_ntp_sync: T2 server receive = 1776154443.746995926
14 Apr 11:14:03 ntpd[3588]: nts_do_authenticated_ntp_sync: T3 server xmit    = 1776154443.747000217
14 Apr 11:14:03 ntpd[3588]: nts_do_authenticated_ntp_sync: T4 client recv    = 1776154443.627225876
14 Apr 11:14:03 ntpd[3588]: nts_do_authenticated_ntp_sync: Offset (sec) = 0.161948442
14 Apr 11:14:03 ntpd[3588]: nts_do_authenticated_ntp_sync: Delay  (sec) = 0.084348202
14 Apr 11:14:03 ntpd[3588]: nts_do_authenticated_ntp_sync: Offset (ms)  = 161.948442
14 Apr 11:14:03 ntpd[3588]: nts_do_authenticated_ntp_sync: Delay  (ms)  = 84.348202
14 Apr 11:14:04 ntpd[3588]: NTS:peer_xmit---has NTS_FLAG
14 Apr 11:14:04 ntpd[3588]: nts_run_peer_sync: no usable cached session; performing fresh NTS-KE
14 Apr 11:14:04 ntpd[3588]: nts_perform_client_handshake: ALPN status=1 ext=2 idSize=7
14 Apr 11:14:04 ntpd[3588]: nts_refresh_session: TLS handshake succeeded
14 Apr 11:14:04 ntpd[3588]: nts_perform_nts_ke_handshake: starting NTS-KE request
14 Apr 11:14:04 ntpd[3588]: nts_perform_nts_ke_handshake: request sent, waiting for response
14 Apr 11:14:04 ntpd[3588]: nts_perform_nts_ke_handshake: response received: 872 bytes
14 Apr 11:14:04 ntpd[3588]: nts_perform_nts_ke_handshake: parsed successfully. AEAD=15 Cookies=8 NTPPort=4123
14 Apr 11:14:04 ntpd[3588]: nts_perform_nts_ke_handshake: C2S key size=32 S2C key size=32
14 Apr 11:14:04 ntpd[3588]: nts_aead_seal: AEAD=15 key=32 aad=188 pt=0
14 Apr 11:14:04 ntpd[3588]: nts_aead_seal: success nonce=16 ciphertext=16
14 Apr 11:14:04 ntpd[3588]: nts_append_nts_authenticator_ef: nonceLen=16 ctLen=16 extraPadding=0
14 Apr 11:14:04 ntpd[3588]: nts_do_authenticated_ntp_sync: received UDP NTP response: 228 bytes
14 Apr 11:14:04 ntpd[3588]: nts_aead_open: AEAD=15 key=32 aad=84 nonce=16 ct=120
14 Apr 11:14:04 ntpd[3588]: nts_do_authenticated_ntp_sync: authenticated NTP response verified successfully
14 Apr 11:14:04 ntpd[3588]: nts_do_authenticated_ntp_sync: decrypted inner EF bytes: 104
14 Apr 11:14:04 ntpd[3588]: nts_do_authenticated_ntp_sync: cookies left after consume: 7
14 Apr 11:14:04 ntpd[3588]: nts_do_authenticated_ntp_sync: returned cookies: 1
14 Apr 11:14:04 ntpd[3588]: nts_do_authenticated_ntp_sync: Cookie[0] 20 d1 f8 a0 f0 76 a9 fa ...
14 Apr 11:14:04 ntpd[3588]: nts_do_authenticated_ntp_sync: Cookie[1] 20 d1 f8 a0 61 74 cd 5e ...
14 Apr 11:14:04 ntpd[3588]: nts_do_authenticated_ntp_sync: Cookie[2] 20 d1 f8 a0 7d 9f d9 fb ...
14 Apr 11:14:04 ntpd[3588]: nts_do_authenticated_ntp_sync: Cookie[3] 20 d1 f8 a0 50 f2 00 c6 ...
14 Apr 11:14:04 ntpd[3588]: nts_do_authenticated_ntp_sync: Cookie[4] 20 d1 f8 a0 8d 5e 32 4c ...
14 Apr 11:14:04 ntpd[3588]: nts_do_authenticated_ntp_sync: Cookie[5] 20 d1 f8 a0 6c 3d 95 ef ...
14 Apr 11:14:04 ntpd[3588]: nts_do_authenticated_ntp_sync: Cookie[6] 20 d1 f8 a0 0f ff b1 33 ...
14 Apr 11:14:04 ntpd[3588]: nts_do_authenticated_ntp_sync: Cookie[7] 20 d1 f8 a0 3e f5 e0 44 ...
14 Apr 11:14:04 ntpd[3588]: nts_update_cookies_in_session: refreshed cookies saved to: C:\Users\sebi\AppData\Local\Temp\NTSClient\lul2.nts.netnod.se.sqlite
14 Apr 11:14:04 ntpd[3588]: nts_do_authenticated_ntp_sync: T1 client send    = 1776154444.481407166
14 Apr 11:14:04 ntpd[3588]: nts_do_authenticated_ntp_sync: T2 server receive = 1776154444.678091764
14 Apr 11:14:04 ntpd[3588]: nts_do_authenticated_ntp_sync: T3 server xmit    = 1776154444.678096056
14 Apr 11:14:04 ntpd[3588]: nts_do_authenticated_ntp_sync: T4 client recv    = 1776154444.558307648
14 Apr 11:14:04 ntpd[3588]: nts_do_authenticated_ntp_sync: Offset (sec) = 0.158236504
14 Apr 11:14:04 ntpd[3588]: nts_do_authenticated_ntp_sync: Delay  (sec) = 0.076896191
14 Apr 11:14:04 ntpd[3588]: nts_do_authenticated_ntp_sync: Offset (ms)  = 158.236504
14 Apr 11:14:04 ntpd[3588]: nts_do_authenticated_ntp_sync: Delay  (ms)  = 76.896191
14 Apr 11:14:05 ntpd[3588]: NTS:peer_xmit---has NTS_FLAG
14 Apr 11:14:05 ntpd[3588]: nts_run_peer_sync: no usable cached session; performing fresh NTS-KE
14 Apr 11:14:05 ntpd[3588]: nts_perform_client_handshake: ALPN status=1 ext=2 idSize=7
14 Apr 11:14:05 ntpd[3588]: nts_refresh_session: TLS handshake succeeded
14 Apr 11:14:05 ntpd[3588]: nts_perform_nts_ke_handshake: starting NTS-KE request
14 Apr 11:14:05 ntpd[3588]: nts_perform_nts_ke_handshake: request sent, waiting for response
14 Apr 11:14:05 ntpd[3588]: nts_perform_nts_ke_handshake: response received: 872 bytes
14 Apr 11:14:05 ntpd[3588]: nts_perform_nts_ke_handshake: parsed successfully. AEAD=15 Cookies=8 NTPPort=4123
14 Apr 11:14:05 ntpd[3588]: nts_perform_nts_ke_handshake: C2S key size=32 S2C key size=32
14 Apr 11:14:05 ntpd[3588]: nts_aead_seal: AEAD=15 key=32 aad=188 pt=0
14 Apr 11:14:05 ntpd[3588]: nts_aead_seal: success nonce=16 ciphertext=16
14 Apr 11:14:05 ntpd[3588]: nts_append_nts_authenticator_ef: nonceLen=16 ctLen=16 extraPadding=0
14 Apr 11:14:05 ntpd[3588]: nts_do_authenticated_ntp_sync: received UDP NTP response: 228 bytes
14 Apr 11:14:05 ntpd[3588]: nts_aead_open: AEAD=15 key=32 aad=84 nonce=16 ct=120
14 Apr 11:14:05 ntpd[3588]: nts_do_authenticated_ntp_sync: authenticated NTP response verified successfully
14 Apr 11:14:05 ntpd[3588]: nts_do_authenticated_ntp_sync: decrypted inner EF bytes: 104
14 Apr 11:14:05 ntpd[3588]: nts_do_authenticated_ntp_sync: cookies left after consume: 7
14 Apr 11:14:05 ntpd[3588]: nts_do_authenticated_ntp_sync: returned cookies: 1
14 Apr 11:14:05 ntpd[3588]: nts_do_authenticated_ntp_sync: Cookie[0] cd 30 d3 22 08 a0 c4 b7 ...
14 Apr 11:14:05 ntpd[3588]: nts_do_authenticated_ntp_sync: Cookie[1] cd 30 d3 22 ff 3c 80 1f ...
14 Apr 11:14:05 ntpd[3588]: nts_do_authenticated_ntp_sync: Cookie[2] cd 30 d3 22 47 6d 5f 25 ...
14 Apr 11:14:05 ntpd[3588]: nts_do_authenticated_ntp_sync: Cookie[3] cd 30 d3 22 4a e2 ed c9 ...
14 Apr 11:14:05 ntpd[3588]: nts_do_authenticated_ntp_sync: Cookie[4] cd 30 d3 22 bf 56 cf a2 ...
14 Apr 11:14:05 ntpd[3588]: nts_do_authenticated_ntp_sync: Cookie[5] cd 30 d3 22 99 75 be 22 ...
14 Apr 11:14:05 ntpd[3588]: nts_do_authenticated_ntp_sync: Cookie[6] cd 30 d3 22 05 d7 85 23 ...
14 Apr 11:14:05 ntpd[3588]: nts_do_authenticated_ntp_sync: Cookie[7] cd 30 d3 22 71 3f 65 14 ...
14 Apr 11:14:05 ntpd[3588]: nts_update_cookies_in_session: refreshed cookies saved to: C:\Users\sebi\AppData\Local\Temp\NTSClient\mmo1.nts.netnod.se.sqlite
14 Apr 11:14:05 ntpd[3588]: nts_do_authenticated_ntp_sync: T1 client send    = 1776154445.566291809
14 Apr 11:14:05 ntpd[3588]: nts_do_authenticated_ntp_sync: T2 server receive = 1776154445.767453671
14 Apr 11:14:05 ntpd[3588]: nts_do_authenticated_ntp_sync: T3 server xmit    = 1776154445.767457962
14 Apr 11:14:05 ntpd[3588]: nts_do_authenticated_ntp_sync: T4 client recv    = 1776154445.636465073
14 Apr 11:14:05 ntpd[3588]: nts_do_authenticated_ntp_sync: Offset (sec) = 0.166077375
14 Apr 11:14:05 ntpd[3588]: nts_do_authenticated_ntp_sync: Delay  (sec) = 0.070168972
14 Apr 11:14:05 ntpd[3588]: nts_do_authenticated_ntp_sync: Offset (ms)  = 166.077375
14 Apr 11:14:05 ntpd[3588]: nts_do_authenticated_ntp_sync: Delay  (ms)  = 70.168972
14 Apr 11:14:06 ntpd[3588]: NTS:peer_xmit---has NTS_FLAG
14 Apr 11:14:06 ntpd[3588]: nts_run_peer_sync: no usable cached session; performing fresh NTS-KE
14 Apr 11:14:06 ntpd[3588]: nts_perform_client_handshake: ALPN status=1 ext=2 idSize=7
14 Apr 11:14:06 ntpd[3588]: nts_refresh_session: TLS handshake succeeded
14 Apr 11:14:06 ntpd[3588]: nts_perform_nts_ke_handshake: starting NTS-KE request
14 Apr 11:14:06 ntpd[3588]: nts_perform_nts_ke_handshake: request sent, waiting for response
14 Apr 11:14:06 ntpd[3588]: nts_perform_nts_ke_handshake: response received: 872 bytes
14 Apr 11:14:06 ntpd[3588]: nts_perform_nts_ke_handshake: parsed successfully. AEAD=15 Cookies=8 NTPPort=4123
14 Apr 11:14:06 ntpd[3588]: nts_perform_nts_ke_handshake: C2S key size=32 S2C key size=32
14 Apr 11:14:06 ntpd[3588]: nts_aead_seal: AEAD=15 key=32 aad=188 pt=0
14 Apr 11:14:06 ntpd[3588]: nts_aead_seal: success nonce=16 ciphertext=16
14 Apr 11:14:06 ntpd[3588]: nts_append_nts_authenticator_ef: nonceLen=16 ctLen=16 extraPadding=0
14 Apr 11:14:06 ntpd[3588]: nts_do_authenticated_ntp_sync: received UDP NTP response: 228 bytes
14 Apr 11:14:06 ntpd[3588]: nts_aead_open: AEAD=15 key=32 aad=84 nonce=16 ct=120
14 Apr 11:14:06 ntpd[3588]: nts_do_authenticated_ntp_sync: authenticated NTP response verified successfully
14 Apr 11:14:06 ntpd[3588]: nts_do_authenticated_ntp_sync: decrypted inner EF bytes: 104
14 Apr 11:14:06 ntpd[3588]: nts_do_authenticated_ntp_sync: cookies left after consume: 7
14 Apr 11:14:06 ntpd[3588]: nts_do_authenticated_ntp_sync: returned cookies: 1
14 Apr 11:14:06 ntpd[3588]: nts_do_authenticated_ntp_sync: Cookie[0] cd 30 d3 22 3a f5 00 39 ...
14 Apr 11:14:06 ntpd[3588]: nts_do_authenticated_ntp_sync: Cookie[1] cd 30 d3 22 c8 0e 9c f7 ...
14 Apr 11:14:06 ntpd[3588]: nts_do_authenticated_ntp_sync: Cookie[2] cd 30 d3 22 96 c0 d9 02 ...
14 Apr 11:14:06 ntpd[3588]: nts_do_authenticated_ntp_sync: Cookie[3] cd 30 d3 22 68 98 8e 79 ...
14 Apr 11:14:06 ntpd[3588]: nts_do_authenticated_ntp_sync: Cookie[4] cd 30 d3 22 99 20 a0 4c ...
14 Apr 11:14:06 ntpd[3588]: nts_do_authenticated_ntp_sync: Cookie[5] cd 30 d3 22 df b8 7b 90 ...
14 Apr 11:14:06 ntpd[3588]: nts_do_authenticated_ntp_sync: Cookie[6] cd 30 d3 22 d9 a9 66 b6 ...
14 Apr 11:14:06 ntpd[3588]: nts_do_authenticated_ntp_sync: Cookie[7] cd 30 d3 22 d1 2a 5b 89 ...
14 Apr 11:14:06 ntpd[3588]: nts_update_cookies_in_session: refreshed cookies saved to: C:\Users\sebi\AppData\Local\Temp\NTSClient\mmo2.nts.netnod.se.sqlite
14 Apr 11:14:06 ntpd[3588]: nts_do_authenticated_ntp_sync: T1 client send    = 1776154446.620046616
14 Apr 11:14:06 ntpd[3588]: nts_do_authenticated_ntp_sync: T2 server receive = 1776154446.815743685
14 Apr 11:14:06 ntpd[3588]: nts_do_authenticated_ntp_sync: T3 server xmit    = 1776154446.815747976
14 Apr 11:14:06 ntpd[3588]: nts_do_authenticated_ntp_sync: T4 client recv    = 1776154446.683870316
14 Apr 11:14:06 ntpd[3588]: nts_do_authenticated_ntp_sync: Offset (sec) = 0.163787365
14 Apr 11:14:06 ntpd[3588]: nts_do_authenticated_ntp_sync: Delay  (sec) = 0.063819408
14 Apr 11:14:06 ntpd[3588]: nts_do_authenticated_ntp_sync: Offset (ms)  = 163.787365
14 Apr 11:14:06 ntpd[3588]: nts_do_authenticated_ntp_sync: Delay  (ms)  = 63.819408
14 Apr 11:14:10 ntpd[3588]: NTS:peer_xmit---has NTS_FLAG
14 Apr 11:14:10 ntpd[3588]: nts_run_peer_sync: no usable cached session; performing fresh NTS-KE
14 Apr 11:14:10 ntpd[3588]: nts_perform_client_handshake: ALPN status=1 ext=2 idSize=7
14 Apr 11:14:10 ntpd[3588]: nts_refresh_session: TLS handshake succeeded
14 Apr 11:14:10 ntpd[3588]: nts_perform_nts_ke_handshake: starting NTS-KE request
14 Apr 11:14:10 ntpd[3588]: nts_perform_nts_ke_handshake: request sent, waiting for response
14 Apr 11:14:10 ntpd[3588]: nts_perform_nts_ke_handshake: response received: 871 bytes
14 Apr 11:14:10 ntpd[3588]: nts_perform_nts_ke_handshake: parsed successfully. AEAD=15 Cookies=8 NTPPort=4123
14 Apr 11:14:10 ntpd[3588]: nts_perform_nts_ke_handshake: C2S key size=32 S2C key size=32
14 Apr 11:14:10 ntpd[3588]: nts_aead_seal: AEAD=15 key=32 aad=188 pt=0
14 Apr 11:14:10 ntpd[3588]: nts_aead_seal: success nonce=16 ciphertext=16
14 Apr 11:14:10 ntpd[3588]: nts_append_nts_authenticator_ef: nonceLen=16 ctLen=16 extraPadding=0
14 Apr 11:14:10 ntpd[3588]: nts_do_authenticated_ntp_sync: received UDP NTP response: 228 bytes
14 Apr 11:14:10 ntpd[3588]: nts_aead_open: AEAD=15 key=32 aad=84 nonce=16 ct=120
14 Apr 11:14:10 ntpd[3588]: nts_do_authenticated_ntp_sync: authenticated NTP response verified successfully
14 Apr 11:14:10 ntpd[3588]: nts_do_authenticated_ntp_sync: decrypted inner EF bytes: 104
14 Apr 11:14:10 ntpd[3588]: nts_do_authenticated_ntp_sync: cookies left after consume: 7
14 Apr 11:14:10 ntpd[3588]: nts_do_authenticated_ntp_sync: returned cookies: 1
14 Apr 11:14:10 ntpd[3588]: nts_do_authenticated_ntp_sync: Cookie[0] f7 5e cf 63 c4 d7 7e 96 ...
14 Apr 11:14:10 ntpd[3588]: nts_do_authenticated_ntp_sync: Cookie[1] f7 5e cf 63 14 aa 1d 32 ...
14 Apr 11:14:10 ntpd[3588]: nts_do_authenticated_ntp_sync: Cookie[2] f7 5e cf 63 3e 65 82 27 ...
14 Apr 11:14:10 ntpd[3588]: nts_do_authenticated_ntp_sync: Cookie[3] f7 5e cf 63 a1 66 0f 46 ...
14 Apr 11:14:10 ntpd[3588]: nts_do_authenticated_ntp_sync: Cookie[4] f7 5e cf 63 84 54 58 5a ...
14 Apr 11:14:10 ntpd[3588]: nts_do_authenticated_ntp_sync: Cookie[5] f7 5e cf 63 33 7e da 0f ...
14 Apr 11:14:10 ntpd[3588]: nts_do_authenticated_ntp_sync: Cookie[6] f7 5e cf 63 e1 2b 2d e8 ...
14 Apr 11:14:10 ntpd[3588]: nts_do_authenticated_ntp_sync: Cookie[7] f7 5e cf 63 1e 7a f8 17 ...
14 Apr 11:14:10 ntpd[3588]: nts_update_cookies_in_session: refreshed cookies saved to: C:\Users\sebi\AppData\Local\Temp\NTSClient\sth1.nts.netnod.se.sqlite
14 Apr 11:14:10 ntpd[3588]: nts_do_authenticated_ntp_sync: T1 client send    = 1776154450.622571945
14 Apr 11:14:10 ntpd[3588]: nts_do_authenticated_ntp_sync: T2 server receive = 1776154450.824677706
14 Apr 11:14:10 ntpd[3588]: nts_do_authenticated_ntp_sync: T3 server xmit    = 1776154450.824681997
14 Apr 11:14:10 ntpd[3588]: nts_do_authenticated_ntp_sync: T4 client recv    = 1776154450.692890167
14 Apr 11:14:10 ntpd[3588]: nts_do_authenticated_ntp_sync: Offset (sec) = 0.166948795
14 Apr 11:14:10 ntpd[3588]: nts_do_authenticated_ntp_sync: Delay  (sec) = 0.070313931
14 Apr 11:14:10 ntpd[3588]: nts_do_authenticated_ntp_sync: Offset (ms)  = 166.948795
14 Apr 11:14:10 ntpd[3588]: nts_do_authenticated_ntp_sync: Delay  (ms)  = 70.313931
14 Apr 11:14:11 ntpd[3588]: NTS:peer_xmit---has NTS_FLAG
14 Apr 11:14:11 ntpd[3588]: nts_run_peer_sync: no usable cached session; performing fresh NTS-KE
14 Apr 11:14:11 ntpd[3588]: nts_perform_client_handshake: ALPN status=1 ext=2 idSize=7
14 Apr 11:14:11 ntpd[3588]: nts_refresh_session: TLS handshake succeeded
14 Apr 11:14:11 ntpd[3588]: nts_perform_nts_ke_handshake: starting NTS-KE request
14 Apr 11:14:11 ntpd[3588]: nts_perform_nts_ke_handshake: request sent, waiting for response
14 Apr 11:14:11 ntpd[3588]: nts_perform_nts_ke_handshake: response received: 871 bytes
14 Apr 11:14:11 ntpd[3588]: nts_perform_nts_ke_handshake: parsed successfully. AEAD=15 Cookies=8 NTPPort=4123
14 Apr 11:14:11 ntpd[3588]: nts_perform_nts_ke_handshake: C2S key size=32 S2C key size=32
14 Apr 11:14:11 ntpd[3588]: nts_aead_seal: AEAD=15 key=32 aad=188 pt=0
14 Apr 11:14:11 ntpd[3588]: nts_aead_seal: success nonce=16 ciphertext=16
14 Apr 11:14:11 ntpd[3588]: nts_append_nts_authenticator_ef: nonceLen=16 ctLen=16 extraPadding=0
14 Apr 11:14:11 ntpd[3588]: nts_do_authenticated_ntp_sync: received UDP NTP response: 228 bytes
14 Apr 11:14:11 ntpd[3588]: nts_aead_open: AEAD=15 key=32 aad=84 nonce=16 ct=120
14 Apr 11:14:11 ntpd[3588]: nts_do_authenticated_ntp_sync: authenticated NTP response verified successfully
14 Apr 11:14:11 ntpd[3588]: nts_do_authenticated_ntp_sync: decrypted inner EF bytes: 104
14 Apr 11:14:11 ntpd[3588]: nts_do_authenticated_ntp_sync: cookies left after consume: 7
14 Apr 11:14:11 ntpd[3588]: nts_do_authenticated_ntp_sync: returned cookies: 1
14 Apr 11:14:11 ntpd[3588]: nts_do_authenticated_ntp_sync: Cookie[0] 90 0c af a8 6b f0 49 4f ...
14 Apr 11:14:11 ntpd[3588]: nts_do_authenticated_ntp_sync: Cookie[1] 90 0c af a8 ef b2 ab b3 ...
14 Apr 11:14:11 ntpd[3588]: nts_do_authenticated_ntp_sync: Cookie[2] 90 0c af a8 4a fd fe 09 ...
14 Apr 11:14:11 ntpd[3588]: nts_do_authenticated_ntp_sync: Cookie[3] 90 0c af a8 2e 2a f0 20 ...
14 Apr 11:14:11 ntpd[3588]: nts_do_authenticated_ntp_sync: Cookie[4] 90 0c af a8 63 54 07 8b ...
14 Apr 11:14:11 ntpd[3588]: nts_do_authenticated_ntp_sync: Cookie[5] 90 0c af a8 74 f5 35 b4 ...
14 Apr 11:14:11 ntpd[3588]: nts_do_authenticated_ntp_sync: Cookie[6] 90 0c af a8 5a ac 5e 66 ...
14 Apr 11:14:11 ntpd[3588]: nts_do_authenticated_ntp_sync: Cookie[7] f7 5e cf 63 9a dd bf 29 ...
14 Apr 11:14:11 ntpd[3588]: nts_update_cookies_in_session: refreshed cookies saved to: C:\Users\sebi\AppData\Local\Temp\NTSClient\sth2.nts.netnod.se.sqlite
14 Apr 11:14:11 ntpd[3588]: nts_do_authenticated_ntp_sync: T1 client send    = 1776154451.503351212
14 Apr 11:14:11 ntpd[3588]: nts_do_authenticated_ntp_sync: T2 server receive = 1776154451.704863787
14 Apr 11:14:11 ntpd[3588]: nts_do_authenticated_ntp_sync: T3 server xmit    = 1776154451.704868317
14 Apr 11:14:11 ntpd[3588]: nts_do_authenticated_ntp_sync: T4 client recv    = 1776154451.568550110
14 Apr 11:14:11 ntpd[3588]: nts_do_authenticated_ntp_sync: Offset (sec) = 0.168915391
14 Apr 11:14:11 ntpd[3588]: nts_do_authenticated_ntp_sync: Delay  (sec) = 0.065194368
14 Apr 11:14:11 ntpd[3588]: nts_do_authenticated_ntp_sync: Offset (ms)  = 168.915391
14 Apr 11:14:11 ntpd[3588]: nts_do_authenticated_ntp_sync: Delay  (ms)  = 65.194368
14 Apr 11:15:02 ntpd[3588]: NTS:peer_xmit---has NTS_FLAG
14 Apr 11:15:02 ntpd[3588]: nts_run_peer_sync: loaded cached NTS session from C:\Users\sebi\AppData\Local\Temp\NTSClient\1.ntp.ubuntu.com.sqlite
14 Apr 11:15:02 ntpd[3588]: nts_aead_seal: AEAD=15 key=32 aad=184 pt=0
14 Apr 11:15:02 ntpd[3588]: nts_aead_seal: success nonce=16 ciphertext=16
14 Apr 11:15:02 ntpd[3588]: nts_append_nts_authenticator_ef: nonceLen=16 ctLen=16 extraPadding=0
14 Apr 11:15:02 ntpd[3588]: nts_do_authenticated_ntp_sync: received UDP NTP response: 224 bytes
14 Apr 11:15:02 ntpd[3588]: nts_aead_open: AEAD=15 key=32 aad=84 nonce=16 ct=116
14 Apr 11:15:02 ntpd[3588]: nts_do_authenticated_ntp_sync: authenticated NTP response verified successfully
14 Apr 11:15:02 ntpd[3588]: nts_do_authenticated_ntp_sync: decrypted inner EF bytes: 100
14 Apr 11:15:02 ntpd[3588]: nts_do_authenticated_ntp_sync: cookies left after consume: 7
14 Apr 11:15:02 ntpd[3588]: nts_do_authenticated_ntp_sync: returned cookies: 1
14 Apr 11:15:02 ntpd[3588]: nts_do_authenticated_ntp_sync: Cookie[0] 47 d6 d0 67 bf 0e a6 51 ...
14 Apr 11:15:02 ntpd[3588]: nts_do_authenticated_ntp_sync: Cookie[1] 47 d6 d0 67 c2 04 6f bb ...
14 Apr 11:15:02 ntpd[3588]: nts_do_authenticated_ntp_sync: Cookie[2] 47 d6 d0 67 af 81 e7 b3 ...
14 Apr 11:15:02 ntpd[3588]: nts_do_authenticated_ntp_sync: Cookie[3] 47 d6 d0 67 9f cb a4 75 ...
14 Apr 11:15:02 ntpd[3588]: nts_do_authenticated_ntp_sync: Cookie[4] 47 d6 d0 67 03 82 b5 c8 ...
14 Apr 11:15:02 ntpd[3588]: nts_do_authenticated_ntp_sync: Cookie[5] 47 d6 d0 67 f8 3f 5b 4f ...
14 Apr 11:15:02 ntpd[3588]: nts_do_authenticated_ntp_sync: Cookie[6] 47 d6 d0 67 68 24 c0 32 ...
14 Apr 11:15:02 ntpd[3588]: nts_do_authenticated_ntp_sync: Cookie[7] 47 d6 d0 67 76 dd ff 79 ...
14 Apr 11:15:02 ntpd[3588]: nts_update_cookies_in_session: refreshed cookies saved to: C:\Users\sebi\AppData\Local\Temp\NTSClient\1.ntp.ubuntu.com.sqlite
14 Apr 11:15:02 ntpd[3588]: nts_do_authenticated_ntp_sync: T1 client send    = 1776154502.157993317
14 Apr 11:15:02 ntpd[3588]: nts_do_authenticated_ntp_sync: T2 server receive = 1776154502.350096464
14 Apr 11:15:02 ntpd[3588]: nts_do_authenticated_ntp_sync: T3 server xmit    = 1776154502.350416422
14 Apr 11:15:02 ntpd[3588]: nts_do_authenticated_ntp_sync: T4 client recv    = 1776154502.210351944
14 Apr 11:15:02 ntpd[3588]: nts_do_authenticated_ntp_sync: Offset (sec) = 0.166083813
14 Apr 11:15:02 ntpd[3588]: nts_do_authenticated_ntp_sync: Delay  (sec) = 0.052038670
14 Apr 11:15:02 ntpd[3588]: nts_do_authenticated_ntp_sync: Offset (ms)  = 166.083813
14 Apr 11:15:02 ntpd[3588]: nts_do_authenticated_ntp_sync: Delay  (ms)  = 52.038670
14 Apr 11:15:04 ntpd[3588]: NTS:peer_xmit---has NTS_FLAG
14 Apr 11:15:04 ntpd[3588]: nts_run_peer_sync: loaded cached NTS session from C:\Users\sebi\AppData\Local\Temp\NTSClient\2.ntp.ubuntu.com.sqlite
14 Apr 11:15:04 ntpd[3588]: nts_aead_seal: AEAD=15 key=32 aad=184 pt=0
14 Apr 11:15:04 ntpd[3588]: nts_aead_seal: success nonce=16 ciphertext=16
14 Apr 11:15:04 ntpd[3588]: nts_append_nts_authenticator_ef: nonceLen=16 ctLen=16 extraPadding=0
14 Apr 11:15:04 ntpd[3588]: nts_do_authenticated_ntp_sync: received UDP NTP response: 224 bytes
14 Apr 11:15:04 ntpd[3588]: nts_aead_open: AEAD=15 key=32 aad=84 nonce=16 ct=116
14 Apr 11:15:04 ntpd[3588]: nts_do_authenticated_ntp_sync: authenticated NTP response verified successfully
14 Apr 11:15:04 ntpd[3588]: nts_do_authenticated_ntp_sync: decrypted inner EF bytes: 100
14 Apr 11:15:04 ntpd[3588]: nts_do_authenticated_ntp_sync: cookies left after consume: 7
14 Apr 11:15:04 ntpd[3588]: nts_do_authenticated_ntp_sync: returned cookies: 1
14 Apr 11:15:04 ntpd[3588]: nts_do_authenticated_ntp_sync: Cookie[0] 38 53 3b 4b 40 16 86 7e ...
14 Apr 11:15:04 ntpd[3588]: nts_do_authenticated_ntp_sync: Cookie[1] 38 53 3b 4b 38 9a 68 10 ...
14 Apr 11:15:04 ntpd[3588]: nts_do_authenticated_ntp_sync: Cookie[2] 38 53 3b 4b 38 41 08 6a ...
14 Apr 11:15:04 ntpd[3588]: nts_do_authenticated_ntp_sync: Cookie[3] 38 53 3b 4b 07 70 08 be ...
14 Apr 11:15:04 ntpd[3588]: nts_do_authenticated_ntp_sync: Cookie[4] 38 53 3b 4b e0 f6 1f 19 ...
14 Apr 11:15:04 ntpd[3588]: nts_do_authenticated_ntp_sync: Cookie[5] 38 53 3b 4b 40 6e e7 23 ...
14 Apr 11:15:04 ntpd[3588]: nts_do_authenticated_ntp_sync: Cookie[6] 38 53 3b 4b e2 4e c9 38 ...
14 Apr 11:15:04 ntpd[3588]: nts_do_authenticated_ntp_sync: Cookie[7] 38 53 3b 4b 13 c4 8b 3f ...
14 Apr 11:15:04 ntpd[3588]: nts_update_cookies_in_session: refreshed cookies saved to: C:\Users\sebi\AppData\Local\Temp\NTSClient\2.ntp.ubuntu.com.sqlite
14 Apr 11:15:04 ntpd[3588]: nts_do_authenticated_ntp_sync: T1 client send    = 1776154504.157930374
14 Apr 11:15:04 ntpd[3588]: nts_do_authenticated_ntp_sync: T2 server receive = 1776154504.348893881
14 Apr 11:15:04 ntpd[3588]: nts_do_authenticated_ntp_sync: T3 server xmit    = 1776154504.348955631
14 Apr 11:15:04 ntpd[3588]: nts_do_authenticated_ntp_sync: T4 client recv    = 1776154504.209222794
14 Apr 11:15:04 ntpd[3588]: nts_do_authenticated_ntp_sync: Offset (sec) = 0.165348172
14 Apr 11:15:04 ntpd[3588]: nts_do_authenticated_ntp_sync: Delay  (sec) = 0.051230669
14 Apr 11:15:04 ntpd[3588]: nts_do_authenticated_ntp_sync: Offset (ms)  = 165.348172
14 Apr 11:15:04 ntpd[3588]: nts_do_authenticated_ntp_sync: Delay  (ms)  = 51.230669
14 Apr 11:15:07 ntpd[3588]: NTS:peer_xmit---has NTS_FLAG
14 Apr 11:15:07 ntpd[3588]: nts_run_peer_sync: loaded cached NTS session from C:\Users\sebi\AppData\Local\Temp\NTSClient\3.ntp.ubuntu.com.sqlite
14 Apr 11:15:07 ntpd[3588]: nts_aead_seal: AEAD=15 key=32 aad=184 pt=0
14 Apr 11:15:07 ntpd[3588]: nts_aead_seal: success nonce=16 ciphertext=16
14 Apr 11:15:07 ntpd[3588]: nts_append_nts_authenticator_ef: nonceLen=16 ctLen=16 extraPadding=0
14 Apr 11:15:07 ntpd[3588]: nts_do_authenticated_ntp_sync: received UDP NTP response: 224 bytes
14 Apr 11:15:07 ntpd[3588]: nts_aead_open: AEAD=15 key=32 aad=84 nonce=16 ct=116
14 Apr 11:15:07 ntpd[3588]: nts_do_authenticated_ntp_sync: authenticated NTP response verified successfully
14 Apr 11:15:07 ntpd[3588]: nts_do_authenticated_ntp_sync: decrypted inner EF bytes: 100
14 Apr 11:15:07 ntpd[3588]: nts_do_authenticated_ntp_sync: cookies left after consume: 7
14 Apr 11:15:07 ntpd[3588]: nts_do_authenticated_ntp_sync: returned cookies: 1
14 Apr 11:15:07 ntpd[3588]: nts_do_authenticated_ntp_sync: Cookie[0] 7c 00 6f ec bb 05 6e 99 ...
14 Apr 11:15:07 ntpd[3588]: nts_do_authenticated_ntp_sync: Cookie[1] 7c 00 6f ec 28 67 14 1f ...
14 Apr 11:15:07 ntpd[3588]: nts_do_authenticated_ntp_sync: Cookie[2] 7c 00 6f ec ea 34 80 8d ...
14 Apr 11:15:07 ntpd[3588]: nts_do_authenticated_ntp_sync: Cookie[3] 7c 00 6f ec 3e b7 f6 40 ...
14 Apr 11:15:07 ntpd[3588]: nts_do_authenticated_ntp_sync: Cookie[4] 7c 00 6f ec e4 03 d9 24 ...
14 Apr 11:15:07 ntpd[3588]: nts_do_authenticated_ntp_sync: Cookie[5] 7c 00 6f ec d1 b9 ec 1b ...
14 Apr 11:15:07 ntpd[3588]: nts_do_authenticated_ntp_sync: Cookie[6] 7c 00 6f ec fa 0b 10 21 ...
14 Apr 11:15:07 ntpd[3588]: nts_do_authenticated_ntp_sync: Cookie[7] 7c 00 6f ec 94 b6 65 dc ...
14 Apr 11:15:07 ntpd[3588]: nts_update_cookies_in_session: refreshed cookies saved to: C:\Users\sebi\AppData\Local\Temp\NTSClient\3.ntp.ubuntu.com.sqlite
14 Apr 11:15:07 ntpd[3588]: nts_do_authenticated_ntp_sync: T1 client send    = 1776154507.165866852
14 Apr 11:15:07 ntpd[3588]: nts_do_authenticated_ntp_sync: T2 server receive = 1776154507.403809309
14 Apr 11:15:07 ntpd[3588]: nts_do_authenticated_ntp_sync: T3 server xmit    = 1776154507.403868675
14 Apr 11:15:07 ntpd[3588]: nts_do_authenticated_ntp_sync: T4 client recv    = 1776154507.299571991
14 Apr 11:15:07 ntpd[3588]: nts_do_authenticated_ntp_sync: Offset (sec) = 0.171119571
14 Apr 11:15:07 ntpd[3588]: nts_do_authenticated_ntp_sync: Delay  (sec) = 0.133645773
14 Apr 11:15:07 ntpd[3588]: nts_do_authenticated_ntp_sync: Offset (ms)  = 171.119571
14 Apr 11:15:07 ntpd[3588]: nts_do_authenticated_ntp_sync: Delay  (ms)  = 133.645773
14 Apr 11:15:08 ntpd[3588]: NTS:peer_xmit---has NTS_FLAG
14 Apr 11:15:08 ntpd[3588]: nts_run_peer_sync: loaded cached NTS session from C:\Users\sebi\AppData\Local\Temp\NTSClient\4.ntp.ubuntu.com.sqlite
14 Apr 11:15:08 ntpd[3588]: nts_aead_seal: AEAD=15 key=32 aad=184 pt=0
14 Apr 11:15:08 ntpd[3588]: nts_aead_seal: success nonce=16 ciphertext=16
14 Apr 11:15:08 ntpd[3588]: nts_append_nts_authenticator_ef: nonceLen=16 ctLen=16 extraPadding=0
14 Apr 11:15:08 ntpd[3588]: nts_do_authenticated_ntp_sync: received UDP NTP response: 224 bytes
14 Apr 11:15:08 ntpd[3588]: nts_aead_open: AEAD=15 key=32 aad=84 nonce=16 ct=116
14 Apr 11:15:08 ntpd[3588]: nts_do_authenticated_ntp_sync: authenticated NTP response verified successfully
14 Apr 11:15:08 ntpd[3588]: nts_do_authenticated_ntp_sync: decrypted inner EF bytes: 100
14 Apr 11:15:08 ntpd[3588]: nts_do_authenticated_ntp_sync: cookies left after consume: 7
14 Apr 11:15:08 ntpd[3588]: nts_do_authenticated_ntp_sync: returned cookies: 1
14 Apr 11:15:08 ntpd[3588]: nts_do_authenticated_ntp_sync: Cookie[0] 10 f2 9c 61 a1 4a 76 4a ...
14 Apr 11:15:08 ntpd[3588]: nts_do_authenticated_ntp_sync: Cookie[1] 10 f2 9c 61 ab 3b 5e 40 ...
14 Apr 11:15:08 ntpd[3588]: nts_do_authenticated_ntp_sync: Cookie[2] 10 f2 9c 61 36 d5 89 3c ...
14 Apr 11:15:08 ntpd[3588]: nts_do_authenticated_ntp_sync: Cookie[3] 10 f2 9c 61 f6 51 ab ea ...
14 Apr 11:15:08 ntpd[3588]: nts_do_authenticated_ntp_sync: Cookie[4] 10 f2 9c 61 6f 6a 57 ec ...
14 Apr 11:15:08 ntpd[3588]: nts_do_authenticated_ntp_sync: Cookie[5] 10 f2 9c 61 a0 bb 3e f7 ...
14 Apr 11:15:08 ntpd[3588]: nts_do_authenticated_ntp_sync: Cookie[6] 10 f2 9c 61 93 d5 d8 c3 ...
14 Apr 11:15:08 ntpd[3588]: nts_do_authenticated_ntp_sync: Cookie[7] 10 f2 9c 61 a1 e7 7a ef ...
14 Apr 11:15:08 ntpd[3588]: nts_update_cookies_in_session: refreshed cookies saved to: C:\Users\sebi\AppData\Local\Temp\NTSClient\4.ntp.ubuntu.com.sqlite
14 Apr 11:15:08 ntpd[3588]: nts_do_authenticated_ntp_sync: T1 client send    = 1776154508.147478104
14 Apr 11:15:08 ntpd[3588]: nts_do_authenticated_ntp_sync: T2 server receive = 1776154508.373685837
14 Apr 11:15:08 ntpd[3588]: nts_do_authenticated_ntp_sync: T3 server xmit    = 1776154508.373721361
14 Apr 11:15:08 ntpd[3588]: nts_do_authenticated_ntp_sync: T4 client recv    = 1776154508.270309448
14 Apr 11:15:08 ntpd[3588]: nts_do_authenticated_ntp_sync: Offset (sec) = 0.164809823
14 Apr 11:15:08 ntpd[3588]: nts_do_authenticated_ntp_sync: Delay  (sec) = 0.122795820
14 Apr 11:15:08 ntpd[3588]: nts_do_authenticated_ntp_sync: Offset (ms)  = 164.809823
14 Apr 11:15:08 ntpd[3588]: nts_do_authenticated_ntp_sync: Delay  (ms)  = 122.795820
14 Apr 11:15:09 ntpd[3588]: NTS:peer_xmit---has NTS_FLAG
14 Apr 11:15:09 ntpd[3588]: nts_run_peer_sync: loaded cached NTS session from C:\Users\sebi\AppData\Local\Temp\NTSClient\mmo1.nts.netnod.se.sqlite
14 Apr 11:15:09 ntpd[3588]: nts_aead_seal: AEAD=15 key=32 aad=188 pt=0
14 Apr 11:15:09 ntpd[3588]: nts_aead_seal: success nonce=16 ciphertext=16
14 Apr 11:15:09 ntpd[3588]: nts_append_nts_authenticator_ef: nonceLen=16 ctLen=16 extraPadding=0
14 Apr 11:15:09 ntpd[3588]: nts_do_authenticated_ntp_sync: received UDP NTP response: 228 bytes
14 Apr 11:15:09 ntpd[3588]: nts_aead_open: AEAD=15 key=32 aad=84 nonce=16 ct=120
14 Apr 11:15:09 ntpd[3588]: nts_do_authenticated_ntp_sync: authenticated NTP response verified successfully
14 Apr 11:15:09 ntpd[3588]: nts_do_authenticated_ntp_sync: decrypted inner EF bytes: 104
14 Apr 11:15:09 ntpd[3588]: nts_do_authenticated_ntp_sync: cookies left after consume: 7
14 Apr 11:15:09 ntpd[3588]: nts_do_authenticated_ntp_sync: returned cookies: 1
14 Apr 11:15:09 ntpd[3588]: nts_do_authenticated_ntp_sync: Cookie[0] cd 30 d3 22 ff 3c 80 1f ...
14 Apr 11:15:09 ntpd[3588]: nts_do_authenticated_ntp_sync: Cookie[1] cd 30 d3 22 47 6d 5f 25 ...
14 Apr 11:15:09 ntpd[3588]: nts_do_authenticated_ntp_sync: Cookie[2] cd 30 d3 22 4a e2 ed c9 ...
14 Apr 11:15:09 ntpd[3588]: nts_do_authenticated_ntp_sync: Cookie[3] cd 30 d3 22 bf 56 cf a2 ...
14 Apr 11:15:09 ntpd[3588]: nts_do_authenticated_ntp_sync: Cookie[4] cd 30 d3 22 99 75 be 22 ...
14 Apr 11:15:09 ntpd[3588]: nts_do_authenticated_ntp_sync: Cookie[5] cd 30 d3 22 05 d7 85 23 ...
14 Apr 11:15:09 ntpd[3588]: nts_do_authenticated_ntp_sync: Cookie[6] cd 30 d3 22 71 3f 65 14 ...
14 Apr 11:15:09 ntpd[3588]: nts_do_authenticated_ntp_sync: Cookie[7] cd 30 d3 22 85 86 24 d0 ...
14 Apr 11:15:09 ntpd[3588]: nts_update_cookies_in_session: refreshed cookies saved to: C:\Users\sebi\AppData\Local\Temp\NTSClient\mmo1.nts.netnod.se.sqlite
14 Apr 11:15:09 ntpd[3588]: nts_do_authenticated_ntp_sync: T1 client send    = 1776154509.164381027
14 Apr 11:15:09 ntpd[3588]: nts_do_authenticated_ntp_sync: T2 server receive = 1776154509.358482361
14 Apr 11:15:09 ntpd[3588]: nts_do_authenticated_ntp_sync: T3 server xmit    = 1776154509.358486652
14 Apr 11:15:09 ntpd[3588]: nts_do_authenticated_ntp_sync: T4 client recv    = 1776154509.225765228
14 Apr 11:15:09 ntpd[3588]: nts_do_authenticated_ntp_sync: Offset (sec) = 0.163411379
14 Apr 11:15:09 ntpd[3588]: nts_do_authenticated_ntp_sync: Delay  (sec) = 0.061379910
14 Apr 11:15:09 ntpd[3588]: nts_do_authenticated_ntp_sync: Offset (ms)  = 163.411379
14 Apr 11:15:09 ntpd[3588]: nts_do_authenticated_ntp_sync: Delay  (ms)  = 61.379910
14 Apr 11:15:10 ntpd[3588]: NTS:peer_xmit---has NTS_FLAG
14 Apr 11:15:10 ntpd[3588]: nts_run_peer_sync: loaded cached NTS session from C:\Users\sebi\AppData\Local\Temp\NTSClient\lul2.nts.netnod.se.sqlite
14 Apr 11:15:10 ntpd[3588]: nts_aead_seal: AEAD=15 key=32 aad=188 pt=0
14 Apr 11:15:10 ntpd[3588]: nts_aead_seal: success nonce=16 ciphertext=16
14 Apr 11:15:10 ntpd[3588]: nts_append_nts_authenticator_ef: nonceLen=16 ctLen=16 extraPadding=0
14 Apr 11:15:10 ntpd[3588]: nts_do_authenticated_ntp_sync: received UDP NTP response: 228 bytes
14 Apr 11:15:10 ntpd[3588]: nts_aead_open: AEAD=15 key=32 aad=84 nonce=16 ct=120
14 Apr 11:15:10 ntpd[3588]: nts_do_authenticated_ntp_sync: authenticated NTP response verified successfully
14 Apr 11:15:10 ntpd[3588]: nts_do_authenticated_ntp_sync: decrypted inner EF bytes: 104
14 Apr 11:15:10 ntpd[3588]: nts_do_authenticated_ntp_sync: cookies left after consume: 7
14 Apr 11:15:10 ntpd[3588]: nts_do_authenticated_ntp_sync: returned cookies: 1
14 Apr 11:15:10 ntpd[3588]: nts_do_authenticated_ntp_sync: Cookie[0] 20 d1 f8 a0 61 74 cd 5e ...
14 Apr 11:15:10 ntpd[3588]: nts_do_authenticated_ntp_sync: Cookie[1] 20 d1 f8 a0 7d 9f d9 fb ...
14 Apr 11:15:10 ntpd[3588]: nts_do_authenticated_ntp_sync: Cookie[2] 20 d1 f8 a0 50 f2 00 c6 ...
14 Apr 11:15:10 ntpd[3588]: nts_do_authenticated_ntp_sync: Cookie[3] 20 d1 f8 a0 8d 5e 32 4c ...
14 Apr 11:15:10 ntpd[3588]: nts_do_authenticated_ntp_sync: Cookie[4] 20 d1 f8 a0 6c 3d 95 ef ...
14 Apr 11:15:10 ntpd[3588]: nts_do_authenticated_ntp_sync: Cookie[5] 20 d1 f8 a0 0f ff b1 33 ...
14 Apr 11:15:10 ntpd[3588]: nts_do_authenticated_ntp_sync: Cookie[6] 20 d1 f8 a0 3e f5 e0 44 ...
14 Apr 11:15:10 ntpd[3588]: nts_do_authenticated_ntp_sync: Cookie[7] 20 d1 f8 a0 d8 62 1c fb ...
14 Apr 11:15:10 ntpd[3588]: nts_update_cookies_in_session: refreshed cookies saved to: C:\Users\sebi\AppData\Local\Temp\NTSClient\lul2.nts.netnod.se.sqlite
14 Apr 11:15:10 ntpd[3588]: nts_do_authenticated_ntp_sync: T1 client send    = 1776154510.164255142
14 Apr 11:15:10 ntpd[3588]: nts_do_authenticated_ntp_sync: T2 server receive = 1776154510.358606577
14 Apr 11:15:10 ntpd[3588]: nts_do_authenticated_ntp_sync: T3 server xmit    = 1776154510.358611107
14 Apr 11:15:10 ntpd[3588]: nts_do_authenticated_ntp_sync: T4 client recv    = 1776154510.238172531
14 Apr 11:15:10 ntpd[3588]: nts_do_authenticated_ntp_sync: Offset (sec) = 0.157395005
14 Apr 11:15:10 ntpd[3588]: nts_do_authenticated_ntp_sync: Delay  (sec) = 0.073912859
14 Apr 11:15:10 ntpd[3588]: nts_do_authenticated_ntp_sync: Offset (ms)  = 157.395005
14 Apr 11:15:10 ntpd[3588]: nts_do_authenticated_ntp_sync: Delay  (ms)  = 73.912859
14 Apr 11:15:10 ntpd[3588]: NTS:peer_xmit---has NTS_FLAG
14 Apr 11:15:10 ntpd[3588]: nts_run_peer_sync: loaded cached NTS session from C:\Users\sebi\AppData\Local\Temp\NTSClient\lul1.nts.netnod.se.sqlite
14 Apr 11:15:10 ntpd[3588]: nts_aead_seal: AEAD=15 key=32 aad=188 pt=0
14 Apr 11:15:10 ntpd[3588]: nts_aead_seal: success nonce=16 ciphertext=16
14 Apr 11:15:10 ntpd[3588]: nts_append_nts_authenticator_ef: nonceLen=16 ctLen=16 extraPadding=0
14 Apr 11:15:10 ntpd[3588]: nts_do_authenticated_ntp_sync: received UDP NTP response: 228 bytes
14 Apr 11:15:10 ntpd[3588]: nts_aead_open: AEAD=15 key=32 aad=84 nonce=16 ct=120
14 Apr 11:15:10 ntpd[3588]: nts_do_authenticated_ntp_sync: authenticated NTP response verified successfully
14 Apr 11:15:10 ntpd[3588]: nts_do_authenticated_ntp_sync: decrypted inner EF bytes: 104
14 Apr 11:15:10 ntpd[3588]: nts_do_authenticated_ntp_sync: cookies left after consume: 7
14 Apr 11:15:10 ntpd[3588]: nts_do_authenticated_ntp_sync: returned cookies: 1
14 Apr 11:15:10 ntpd[3588]: nts_do_authenticated_ntp_sync: Cookie[0] 20 d1 f8 a0 15 e2 5c c5 ...
14 Apr 11:15:10 ntpd[3588]: nts_do_authenticated_ntp_sync: Cookie[1] 20 d1 f8 a0 9f 06 ce b2 ...
14 Apr 11:15:10 ntpd[3588]: nts_do_authenticated_ntp_sync: Cookie[2] 20 d1 f8 a0 20 0e bc 16 ...
14 Apr 11:15:10 ntpd[3588]: nts_do_authenticated_ntp_sync: Cookie[3] 20 d1 f8 a0 5e 8b 78 dd ...
14 Apr 11:15:10 ntpd[3588]: nts_do_authenticated_ntp_sync: Cookie[4] 20 d1 f8 a0 1d 4e 36 4d ...
14 Apr 11:15:10 ntpd[3588]: nts_do_authenticated_ntp_sync: Cookie[5] 20 d1 f8 a0 3b 62 b6 f6 ...
14 Apr 11:15:10 ntpd[3588]: nts_do_authenticated_ntp_sync: Cookie[6] 20 d1 f8 a0 63 b1 43 64 ...
14 Apr 11:15:10 ntpd[3588]: nts_do_authenticated_ntp_sync: Cookie[7] 20 d1 f8 a0 5d f9 f0 2b ...
14 Apr 11:15:10 ntpd[3588]: nts_update_cookies_in_session: refreshed cookies saved to: C:\Users\sebi\AppData\Local\Temp\NTSClient\lul1.nts.netnod.se.sqlite
14 Apr 11:15:10 ntpd[3588]: nts_do_authenticated_ntp_sync: T1 client send    = 1776154510.261867523
14 Apr 11:15:10 ntpd[3588]: nts_do_authenticated_ntp_sync: T2 server receive = 1776154510.469192982
14 Apr 11:15:10 ntpd[3588]: nts_do_authenticated_ntp_sync: T3 server xmit    = 1776154510.469197273
14 Apr 11:15:10 ntpd[3588]: nts_do_authenticated_ntp_sync: T4 client recv    = 1776154510.353130341
14 Apr 11:15:10 ntpd[3588]: nts_do_authenticated_ntp_sync: Offset (sec) = 0.161696196
14 Apr 11:15:10 ntpd[3588]: nts_do_authenticated_ntp_sync: Delay  (sec) = 0.091258526
14 Apr 11:15:10 ntpd[3588]: nts_do_authenticated_ntp_sync: Offset (ms)  = 161.696196
14 Apr 11:15:10 ntpd[3588]: nts_do_authenticated_ntp_sync: Delay  (ms)  = 91.258526
14 Apr 11:15:13 ntpd[3588]: NTS:peer_xmit---has NTS_FLAG
14 Apr 11:15:13 ntpd[3588]: nts_run_peer_sync: loaded cached NTS session from C:\Users\sebi\AppData\Local\Temp\NTSClient\mmo2.nts.netnod.se.sqlite
14 Apr 11:15:13 ntpd[3588]: nts_aead_seal: AEAD=15 key=32 aad=188 pt=0
14 Apr 11:15:13 ntpd[3588]: nts_aead_seal: success nonce=16 ciphertext=16
14 Apr 11:15:13 ntpd[3588]: nts_append_nts_authenticator_ef: nonceLen=16 ctLen=16 extraPadding=0
14 Apr 11:15:13 ntpd[3588]: nts_do_authenticated_ntp_sync: received UDP NTP response: 228 bytes
14 Apr 11:15:13 ntpd[3588]: nts_aead_open: AEAD=15 key=32 aad=84 nonce=16 ct=120
14 Apr 11:15:13 ntpd[3588]: nts_do_authenticated_ntp_sync: authenticated NTP response verified successfully
14 Apr 11:15:13 ntpd[3588]: nts_do_authenticated_ntp_sync: decrypted inner EF bytes: 104
14 Apr 11:15:13 ntpd[3588]: nts_do_authenticated_ntp_sync: cookies left after consume: 7
14 Apr 11:15:13 ntpd[3588]: nts_do_authenticated_ntp_sync: returned cookies: 1
14 Apr 11:15:13 ntpd[3588]: nts_do_authenticated_ntp_sync: Cookie[0] cd 30 d3 22 c8 0e 9c f7 ...
14 Apr 11:15:13 ntpd[3588]: nts_do_authenticated_ntp_sync: Cookie[1] cd 30 d3 22 96 c0 d9 02 ...
14 Apr 11:15:13 ntpd[3588]: nts_do_authenticated_ntp_sync: Cookie[2] cd 30 d3 22 68 98 8e 79 ...
14 Apr 11:15:13 ntpd[3588]: nts_do_authenticated_ntp_sync: Cookie[3] cd 30 d3 22 99 20 a0 4c ...
14 Apr 11:15:13 ntpd[3588]: nts_do_authenticated_ntp_sync: Cookie[4] cd 30 d3 22 df b8 7b 90 ...
14 Apr 11:15:13 ntpd[3588]: nts_do_authenticated_ntp_sync: Cookie[5] cd 30 d3 22 d9 a9 66 b6 ...
14 Apr 11:15:13 ntpd[3588]: nts_do_authenticated_ntp_sync: Cookie[6] cd 30 d3 22 d1 2a 5b 89 ...
14 Apr 11:15:13 ntpd[3588]: nts_do_authenticated_ntp_sync: Cookie[7] cd 30 d3 22 ae eb da 9e ...
14 Apr 11:15:13 ntpd[3588]: nts_update_cookies_in_session: refreshed cookies saved to: C:\Users\sebi\AppData\Local\Temp\NTSClient\mmo2.nts.netnod.se.sqlite
14 Apr 11:15:13 ntpd[3588]: nts_do_authenticated_ntp_sync: T1 client send    = 1776154513.145542145
14 Apr 11:15:13 ntpd[3588]: nts_do_authenticated_ntp_sync: T2 server receive = 1776154513.341012239
14 Apr 11:15:13 ntpd[3588]: nts_do_authenticated_ntp_sync: T3 server xmit    = 1776154513.341016531
14 Apr 11:15:13 ntpd[3588]: nts_do_authenticated_ntp_sync: T4 client recv    = 1776154513.208971024
14 Apr 11:15:13 ntpd[3588]: nts_do_authenticated_ntp_sync: Offset (sec) = 0.163757801
14 Apr 11:15:13 ntpd[3588]: nts_do_authenticated_ntp_sync: Delay  (sec) = 0.063424587
14 Apr 11:15:13 ntpd[3588]: nts_do_authenticated_ntp_sync: Offset (ms)  = 163.757801
14 Apr 11:15:13 ntpd[3588]: nts_do_authenticated_ntp_sync: Delay  (ms)  = 63.424587
14 Apr 11:15:16 ntpd[3588]: NTS:peer_xmit---has NTS_FLAG
14 Apr 11:15:16 ntpd[3588]: nts_run_peer_sync: loaded cached NTS session from C:\Users\sebi\AppData\Local\Temp\NTSClient\sth2.nts.netnod.se.sqlite
14 Apr 11:15:16 ntpd[3588]: nts_aead_seal: AEAD=15 key=32 aad=188 pt=0
14 Apr 11:15:16 ntpd[3588]: nts_aead_seal: success nonce=16 ciphertext=16
14 Apr 11:15:16 ntpd[3588]: nts_append_nts_authenticator_ef: nonceLen=16 ctLen=16 extraPadding=0
14 Apr 11:15:16 ntpd[3588]: nts_do_authenticated_ntp_sync: received UDP NTP response: 228 bytes
14 Apr 11:15:16 ntpd[3588]: nts_aead_open: AEAD=15 key=32 aad=84 nonce=16 ct=120
14 Apr 11:15:16 ntpd[3588]: nts_do_authenticated_ntp_sync: authenticated NTP response verified successfully
14 Apr 11:15:16 ntpd[3588]: nts_do_authenticated_ntp_sync: decrypted inner EF bytes: 104
14 Apr 11:15:16 ntpd[3588]: nts_do_authenticated_ntp_sync: cookies left after consume: 7
14 Apr 11:15:16 ntpd[3588]: nts_do_authenticated_ntp_sync: returned cookies: 1
14 Apr 11:15:16 ntpd[3588]: nts_do_authenticated_ntp_sync: Cookie[0] 90 0c af a8 ef b2 ab b3 ...
14 Apr 11:15:16 ntpd[3588]: nts_do_authenticated_ntp_sync: Cookie[1] 90 0c af a8 4a fd fe 09 ...
14 Apr 11:15:16 ntpd[3588]: nts_do_authenticated_ntp_sync: Cookie[2] 90 0c af a8 2e 2a f0 20 ...
14 Apr 11:15:16 ntpd[3588]: nts_do_authenticated_ntp_sync: Cookie[3] 90 0c af a8 63 54 07 8b ...
14 Apr 11:15:16 ntpd[3588]: nts_do_authenticated_ntp_sync: Cookie[4] 90 0c af a8 74 f5 35 b4 ...
14 Apr 11:15:16 ntpd[3588]: nts_do_authenticated_ntp_sync: Cookie[5] 90 0c af a8 5a ac 5e 66 ...
14 Apr 11:15:16 ntpd[3588]: nts_do_authenticated_ntp_sync: Cookie[6] f7 5e cf 63 9a dd bf 29 ...
14 Apr 11:15:16 ntpd[3588]: nts_do_authenticated_ntp_sync: Cookie[7] f7 5e cf 63 db 23 65 1e ...
14 Apr 11:15:16 ntpd[3588]: nts_update_cookies_in_session: refreshed cookies saved to: C:\Users\sebi\AppData\Local\Temp\NTSClient\sth2.nts.netnod.se.sqlite
14 Apr 11:15:16 ntpd[3588]: nts_do_authenticated_ntp_sync: T1 client send    = 1776154516.150543213
14 Apr 11:15:16 ntpd[3588]: nts_do_authenticated_ntp_sync: T2 server receive = 1776154516.350950956
14 Apr 11:15:16 ntpd[3588]: nts_do_authenticated_ntp_sync: T3 server xmit    = 1776154516.350955486
14 Apr 11:15:16 ntpd[3588]: nts_do_authenticated_ntp_sync: T4 client recv    = 1776154516.214519501
14 Apr 11:15:16 ntpd[3588]: nts_do_authenticated_ntp_sync: Offset (sec) = 0.168421865
14 Apr 11:15:16 ntpd[3588]: nts_do_authenticated_ntp_sync: Delay  (sec) = 0.063971758
14 Apr 11:15:16 ntpd[3588]: nts_do_authenticated_ntp_sync: Offset (ms)  = 168.421865
14 Apr 11:15:16 ntpd[3588]: nts_do_authenticated_ntp_sync: Delay  (ms)  = 63.971758
14 Apr 11:15:16 ntpd[3588]: NTS:peer_xmit---has NTS_FLAG
14 Apr 11:15:16 ntpd[3588]: nts_run_peer_sync: loaded cached NTS session from C:\Users\sebi\AppData\Local\Temp\NTSClient\sth1.nts.netnod.se.sqlite
14 Apr 11:15:16 ntpd[3588]: nts_aead_seal: AEAD=15 key=32 aad=188 pt=0
14 Apr 11:15:16 ntpd[3588]: nts_aead_seal: success nonce=16 ciphertext=16
14 Apr 11:15:16 ntpd[3588]: nts_append_nts_authenticator_ef: nonceLen=16 ctLen=16 extraPadding=0
14 Apr 11:15:16 ntpd[3588]: nts_do_authenticated_ntp_sync: received UDP NTP response: 228 bytes
14 Apr 11:15:16 ntpd[3588]: nts_aead_open: AEAD=15 key=32 aad=84 nonce=16 ct=120
14 Apr 11:15:16 ntpd[3588]: nts_do_authenticated_ntp_sync: authenticated NTP response verified successfully
14 Apr 11:15:16 ntpd[3588]: nts_do_authenticated_ntp_sync: decrypted inner EF bytes: 104
14 Apr 11:15:16 ntpd[3588]: nts_do_authenticated_ntp_sync: cookies left after consume: 7
14 Apr 11:15:16 ntpd[3588]: nts_do_authenticated_ntp_sync: returned cookies: 1
14 Apr 11:15:16 ntpd[3588]: nts_do_authenticated_ntp_sync: Cookie[0] f7 5e cf 63 14 aa 1d 32 ...
14 Apr 11:15:16 ntpd[3588]: nts_do_authenticated_ntp_sync: Cookie[1] f7 5e cf 63 3e 65 82 27 ...
14 Apr 11:15:16 ntpd[3588]: nts_do_authenticated_ntp_sync: Cookie[2] f7 5e cf 63 a1 66 0f 46 ...
14 Apr 11:15:16 ntpd[3588]: nts_do_authenticated_ntp_sync: Cookie[3] f7 5e cf 63 84 54 58 5a ...
14 Apr 11:15:16 ntpd[3588]: nts_do_authenticated_ntp_sync: Cookie[4] f7 5e cf 63 33 7e da 0f ...
14 Apr 11:15:16 ntpd[3588]: nts_do_authenticated_ntp_sync: Cookie[5] f7 5e cf 63 e1 2b 2d e8 ...
14 Apr 11:15:16 ntpd[3588]: nts_do_authenticated_ntp_sync: Cookie[6] f7 5e cf 63 1e 7a f8 17 ...
14 Apr 11:15:16 ntpd[3588]: nts_do_authenticated_ntp_sync: Cookie[7] f7 5e cf 63 c8 d6 34 a3 ...
14 Apr 11:15:16 ntpd[3588]: nts_update_cookies_in_session: refreshed cookies saved to: C:\Users\sebi\AppData\Local\Temp\NTSClient\sth1.nts.netnod.se.sqlite
14 Apr 11:15:16 ntpd[3588]: nts_do_authenticated_ntp_sync: T1 client send    = 1776154516.239969254
14 Apr 11:15:16 ntpd[3588]: nts_do_authenticated_ntp_sync: T2 server receive = 1776154516.441042423
14 Apr 11:15:16 ntpd[3588]: nts_do_authenticated_ntp_sync: T3 server xmit    = 1776154516.441046953
14 Apr 11:15:16 ntpd[3588]: nts_do_authenticated_ntp_sync: T4 client recv    = 1776154516.304544449
14 Apr 11:15:16 ntpd[3588]: nts_do_authenticated_ntp_sync: Offset (sec) = 0.168787837
14 Apr 11:15:16 ntpd[3588]: nts_do_authenticated_ntp_sync: Delay  (sec) = 0.064570665
14 Apr 11:15:16 ntpd[3588]: nts_do_authenticated_ntp_sync: Offset (ms)  = 168.787837
14 Apr 11:15:16 ntpd[3588]: nts_do_authenticated_ntp_sync: Delay  (ms)  = 64.570665
14 Apr 11:16:06 ntpd[3588]: NTS:peer_xmit---has NTS_FLAG
14 Apr 11:16:06 ntpd[3588]: nts_run_peer_sync: loaded cached NTS session from C:\Users\sebi\AppData\Local\Temp\NTSClient\1.ntp.ubuntu.com.sqlite
14 Apr 11:16:06 ntpd[3588]: nts_aead_seal: AEAD=15 key=32 aad=184 pt=0
14 Apr 11:16:06 ntpd[3588]: nts_aead_seal: success nonce=16 ciphertext=16
14 Apr 11:16:06 ntpd[3588]: nts_append_nts_authenticator_ef: nonceLen=16 ctLen=16 extraPadding=0
14 Apr 11:16:06 ntpd[3588]: nts_do_authenticated_ntp_sync: received UDP NTP response: 224 bytes
14 Apr 11:16:06 ntpd[3588]: nts_aead_open: AEAD=15 key=32 aad=84 nonce=16 ct=116
14 Apr 11:16:06 ntpd[3588]: nts_do_authenticated_ntp_sync: authenticated NTP response verified successfully
14 Apr 11:16:06 ntpd[3588]: nts_do_authenticated_ntp_sync: decrypted inner EF bytes: 100
14 Apr 11:16:06 ntpd[3588]: nts_do_authenticated_ntp_sync: cookies left after consume: 7
14 Apr 11:16:06 ntpd[3588]: nts_do_authenticated_ntp_sync: returned cookies: 1
14 Apr 11:16:06 ntpd[3588]: nts_do_authenticated_ntp_sync: Cookie[0] 47 d6 d0 67 c2 04 6f bb ...
14 Apr 11:16:06 ntpd[3588]: nts_do_authenticated_ntp_sync: Cookie[1] 47 d6 d0 67 af 81 e7 b3 ...
14 Apr 11:16:06 ntpd[3588]: nts_do_authenticated_ntp_sync: Cookie[2] 47 d6 d0 67 9f cb a4 75 ...
14 Apr 11:16:06 ntpd[3588]: nts_do_authenticated_ntp_sync: Cookie[3] 47 d6 d0 67 03 82 b5 c8 ...
14 Apr 11:16:06 ntpd[3588]: nts_do_authenticated_ntp_sync: Cookie[4] 47 d6 d0 67 f8 3f 5b 4f ...
14 Apr 11:16:06 ntpd[3588]: nts_do_authenticated_ntp_sync: Cookie[5] 47 d6 d0 67 68 24 c0 32 ...
14 Apr 11:16:06 ntpd[3588]: nts_do_authenticated_ntp_sync: Cookie[6] 47 d6 d0 67 76 dd ff 79 ...
14 Apr 11:16:06 ntpd[3588]: nts_do_authenticated_ntp_sync: Cookie[7] 47 d6 d0 67 35 3e a2 bb ...
14 Apr 11:16:06 ntpd[3588]: nts_update_cookies_in_session: refreshed cookies saved to: C:\Users\sebi\AppData\Local\Temp\NTSClient\1.ntp.ubuntu.com.sqlite
14 Apr 11:16:06 ntpd[3588]: nts_do_authenticated_ntp_sync: T1 client send    = 1776154566.147304535
14 Apr 11:16:06 ntpd[3588]: nts_do_authenticated_ntp_sync: T2 server receive = 1776154566.558174610
14 Apr 11:16:06 ntpd[3588]: nts_do_authenticated_ntp_sync: T3 server xmit    = 1776154566.558245420
14 Apr 11:16:06 ntpd[3588]: nts_do_authenticated_ntp_sync: T4 client recv    = 1776154566.417850494
14 Apr 11:16:06 ntpd[3588]: nts_do_authenticated_ntp_sync: Offset (sec) = 0.275632501
14 Apr 11:16:06 ntpd[3588]: nts_do_authenticated_ntp_sync: Delay  (sec) = 0.270475149
14 Apr 11:16:06 ntpd[3588]: nts_do_authenticated_ntp_sync: Offset (ms)  = 275.632501
14 Apr 11:16:06 ntpd[3588]: nts_do_authenticated_ntp_sync: Delay  (ms)  = 270.475149
14 Apr 11:16:10 ntpd[3588]: NTS:peer_xmit---has NTS_FLAG
14 Apr 11:16:10 ntpd[3588]: nts_run_peer_sync: loaded cached NTS session from C:\Users\sebi\AppData\Local\Temp\NTSClient\2.ntp.ubuntu.com.sqlite
14 Apr 11:16:10 ntpd[3588]: nts_aead_seal: AEAD=15 key=32 aad=184 pt=0
14 Apr 11:16:10 ntpd[3588]: nts_aead_seal: success nonce=16 ciphertext=16
14 Apr 11:16:10 ntpd[3588]: nts_append_nts_authenticator_ef: nonceLen=16 ctLen=16 extraPadding=0
14 Apr 11:16:10 ntpd[3588]: nts_do_authenticated_ntp_sync: received UDP NTP response: 224 bytes
14 Apr 11:16:10 ntpd[3588]: nts_aead_open: AEAD=15 key=32 aad=84 nonce=16 ct=116
14 Apr 11:16:10 ntpd[3588]: nts_do_authenticated_ntp_sync: authenticated NTP response verified successfully
14 Apr 11:16:10 ntpd[3588]: nts_do_authenticated_ntp_sync: decrypted inner EF bytes: 100
14 Apr 11:16:10 ntpd[3588]: nts_do_authenticated_ntp_sync: cookies left after consume: 7
14 Apr 11:16:10 ntpd[3588]: nts_do_authenticated_ntp_sync: returned cookies: 1
14 Apr 11:16:10 ntpd[3588]: nts_do_authenticated_ntp_sync: Cookie[0] 38 53 3b 4b 38 9a 68 10 ...
14 Apr 11:16:10 ntpd[3588]: nts_do_authenticated_ntp_sync: Cookie[1] 38 53 3b 4b 38 41 08 6a ...
14 Apr 11:16:10 ntpd[3588]: nts_do_authenticated_ntp_sync: Cookie[2] 38 53 3b 4b 07 70 08 be ...
14 Apr 11:16:10 ntpd[3588]: nts_do_authenticated_ntp_sync: Cookie[3] 38 53 3b 4b e0 f6 1f 19 ...
14 Apr 11:16:10 ntpd[3588]: nts_do_authenticated_ntp_sync: Cookie[4] 38 53 3b 4b 40 6e e7 23 ...
14 Apr 11:16:10 ntpd[3588]: nts_do_authenticated_ntp_sync: Cookie[5] 38 53 3b 4b e2 4e c9 38 ...
14 Apr 11:16:10 ntpd[3588]: nts_do_authenticated_ntp_sync: Cookie[6] 38 53 3b 4b 13 c4 8b 3f ...
14 Apr 11:16:10 ntpd[3588]: nts_do_authenticated_ntp_sync: Cookie[7] 38 53 3b 4b 80 c5 3e 66 ...
14 Apr 11:16:10 ntpd[3588]: nts_update_cookies_in_session: refreshed cookies saved to: C:\Users\sebi\AppData\Local\Temp\NTSClient\2.ntp.ubuntu.com.sqlite
14 Apr 11:16:10 ntpd[3588]: nts_do_authenticated_ntp_sync: T1 client send    = 1776154570.146253586
14 Apr 11:16:10 ntpd[3588]: nts_do_authenticated_ntp_sync: T2 server receive = 1776154570.337973118
14 Apr 11:16:10 ntpd[3588]: nts_do_authenticated_ntp_sync: T3 server xmit    = 1776154570.338167429
14 Apr 11:16:10 ntpd[3588]: nts_do_authenticated_ntp_sync: T4 client recv    = 1776154570.197463989
14 Apr 11:16:10 ntpd[3588]: nts_do_authenticated_ntp_sync: Offset (sec) = 0.166211486
14 Apr 11:16:10 ntpd[3588]: nts_do_authenticated_ntp_sync: Delay  (sec) = 0.051016092
14 Apr 11:16:10 ntpd[3588]: nts_do_authenticated_ntp_sync: Offset (ms)  = 166.211486
14 Apr 11:16:10 ntpd[3588]: nts_do_authenticated_ntp_sync: Delay  (ms)  = 51.016092
14 Apr 11:16:14 ntpd[3588]: NTS:peer_xmit---has NTS_FLAG
14 Apr 11:16:14 ntpd[3588]: nts_run_peer_sync: loaded cached NTS session from C:\Users\sebi\AppData\Local\Temp\NTSClient\3.ntp.ubuntu.com.sqlite
14 Apr 11:16:14 ntpd[3588]: nts_aead_seal: AEAD=15 key=32 aad=184 pt=0
14 Apr 11:16:14 ntpd[3588]: nts_aead_seal: success nonce=16 ciphertext=16
14 Apr 11:16:14 ntpd[3588]: nts_append_nts_authenticator_ef: nonceLen=16 ctLen=16 extraPadding=0
14 Apr 11:16:14 ntpd[3588]: nts_do_authenticated_ntp_sync: received UDP NTP response: 224 bytes
14 Apr 11:16:14 ntpd[3588]: nts_aead_open: AEAD=15 key=32 aad=84 nonce=16 ct=116
14 Apr 11:16:14 ntpd[3588]: nts_do_authenticated_ntp_sync: authenticated NTP response verified successfully
14 Apr 11:16:14 ntpd[3588]: nts_do_authenticated_ntp_sync: decrypted inner EF bytes: 100
14 Apr 11:16:14 ntpd[3588]: nts_do_authenticated_ntp_sync: cookies left after consume: 7
14 Apr 11:16:14 ntpd[3588]: nts_do_authenticated_ntp_sync: returned cookies: 1
14 Apr 11:16:14 ntpd[3588]: nts_do_authenticated_ntp_sync: Cookie[0] 7c 00 6f ec 28 67 14 1f ...
14 Apr 11:16:14 ntpd[3588]: nts_do_authenticated_ntp_sync: Cookie[1] 7c 00 6f ec ea 34 80 8d ...
14 Apr 11:16:14 ntpd[3588]: nts_do_authenticated_ntp_sync: Cookie[2] 7c 00 6f ec 3e b7 f6 40 ...
14 Apr 11:16:14 ntpd[3588]: nts_do_authenticated_ntp_sync: Cookie[3] 7c 00 6f ec e4 03 d9 24 ...
14 Apr 11:16:14 ntpd[3588]: nts_do_authenticated_ntp_sync: Cookie[4] 7c 00 6f ec d1 b9 ec 1b ...
14 Apr 11:16:14 ntpd[3588]: nts_do_authenticated_ntp_sync: Cookie[5] 7c 00 6f ec fa 0b 10 21 ...
14 Apr 11:16:14 ntpd[3588]: nts_do_authenticated_ntp_sync: Cookie[6] 7c 00 6f ec 94 b6 65 dc ...
14 Apr 11:16:14 ntpd[3588]: nts_do_authenticated_ntp_sync: Cookie[7] 7c 00 6f ec c6 a0 c9 9a ...
14 Apr 11:16:14 ntpd[3588]: nts_update_cookies_in_session: refreshed cookies saved to: C:\Users\sebi\AppData\Local\Temp\NTSClient\3.ntp.ubuntu.com.sqlite
14 Apr 11:16:14 ntpd[3588]: nts_do_authenticated_ntp_sync: T1 client send    = 1776154574.160875320
14 Apr 11:16:14 ntpd[3588]: nts_do_authenticated_ntp_sync: T2 server receive = 1776154574.396844625
14 Apr 11:16:14 ntpd[3588]: nts_do_authenticated_ntp_sync: T3 server xmit    = 1776154574.396891356
14 Apr 11:16:14 ntpd[3588]: nts_do_authenticated_ntp_sync: T4 client recv    = 1776154574.286697388
14 Apr 11:16:14 ntpd[3588]: nts_do_authenticated_ntp_sync: Offset (sec) = 0.173081636
14 Apr 11:16:14 ntpd[3588]: nts_do_authenticated_ntp_sync: Delay  (sec) = 0.125775337
14 Apr 11:16:14 ntpd[3588]: nts_do_authenticated_ntp_sync: Offset (ms)  = 173.081636
14 Apr 11:16:14 ntpd[3588]: nts_do_authenticated_ntp_sync: Delay  (ms)  = 125.775337
14 Apr 11:16:15 ntpd[3588]: NTS:peer_xmit---has NTS_FLAG
14 Apr 11:16:15 ntpd[3588]: nts_run_peer_sync: loaded cached NTS session from C:\Users\sebi\AppData\Local\Temp\NTSClient\lul2.nts.netnod.se.sqlite
14 Apr 11:16:15 ntpd[3588]: nts_aead_seal: AEAD=15 key=32 aad=188 pt=0
14 Apr 11:16:15 ntpd[3588]: nts_aead_seal: success nonce=16 ciphertext=16
14 Apr 11:16:15 ntpd[3588]: nts_append_nts_authenticator_ef: nonceLen=16 ctLen=16 extraPadding=0
14 Apr 11:16:15 ntpd[3588]: nts_do_authenticated_ntp_sync: received UDP NTP response: 228 bytes
14 Apr 11:16:15 ntpd[3588]: nts_aead_open: AEAD=15 key=32 aad=84 nonce=16 ct=120
14 Apr 11:16:15 ntpd[3588]: nts_do_authenticated_ntp_sync: authenticated NTP response verified successfully
14 Apr 11:16:15 ntpd[3588]: nts_do_authenticated_ntp_sync: decrypted inner EF bytes: 104
14 Apr 11:16:15 ntpd[3588]: nts_do_authenticated_ntp_sync: cookies left after consume: 7
14 Apr 11:16:15 ntpd[3588]: nts_do_authenticated_ntp_sync: returned cookies: 1
14 Apr 11:16:15 ntpd[3588]: nts_do_authenticated_ntp_sync: Cookie[0] 20 d1 f8 a0 7d 9f d9 fb ...
14 Apr 11:16:15 ntpd[3588]: nts_do_authenticated_ntp_sync: Cookie[1] 20 d1 f8 a0 50 f2 00 c6 ...
14 Apr 11:16:15 ntpd[3588]: nts_do_authenticated_ntp_sync: Cookie[2] 20 d1 f8 a0 8d 5e 32 4c ...
14 Apr 11:16:15 ntpd[3588]: nts_do_authenticated_ntp_sync: Cookie[3] 20 d1 f8 a0 6c 3d 95 ef ...
14 Apr 11:16:15 ntpd[3588]: nts_do_authenticated_ntp_sync: Cookie[4] 20 d1 f8 a0 0f ff b1 33 ...
14 Apr 11:16:15 ntpd[3588]: nts_do_authenticated_ntp_sync: Cookie[5] 20 d1 f8 a0 3e f5 e0 44 ...
14 Apr 11:16:15 ntpd[3588]: nts_do_authenticated_ntp_sync: Cookie[6] 20 d1 f8 a0 d8 62 1c fb ...
14 Apr 11:16:15 ntpd[3588]: nts_do_authenticated_ntp_sync: Cookie[7] 20 d1 f8 a0 1c 00 df f3 ...
14 Apr 11:16:15 ntpd[3588]: nts_update_cookies_in_session: refreshed cookies saved to: C:\Users\sebi\AppData\Local\Temp\NTSClient\lul2.nts.netnod.se.sqlite
14 Apr 11:16:15 ntpd[3588]: nts_do_authenticated_ntp_sync: T1 client send    = 1776154575.149341583
14 Apr 11:16:15 ntpd[3588]: nts_do_authenticated_ntp_sync: T2 server receive = 1776154575.344135523
14 Apr 11:16:15 ntpd[3588]: nts_do_authenticated_ntp_sync: T3 server xmit    = 1776154575.344140053
14 Apr 11:16:15 ntpd[3588]: nts_do_authenticated_ntp_sync: T4 client recv    = 1776154575.227113724
14 Apr 11:16:15 ntpd[3588]: nts_do_authenticated_ntp_sync: Offset (sec) = 0.155910134
14 Apr 11:16:15 ntpd[3588]: nts_do_authenticated_ntp_sync: Delay  (sec) = 0.077767611
14 Apr 11:16:15 ntpd[3588]: nts_do_authenticated_ntp_sync: Offset (ms)  = 155.910134
14 Apr 11:16:15 ntpd[3588]: nts_do_authenticated_ntp_sync: Delay  (ms)  = 77.767611
14 Apr 11:16:15 ntpd[3588]: NTS:peer_xmit---has NTS_FLAG
14 Apr 11:16:15 ntpd[3588]: nts_run_peer_sync: loaded cached NTS session from C:\Users\sebi\AppData\Local\Temp\NTSClient\4.ntp.ubuntu.com.sqlite
14 Apr 11:16:15 ntpd[3588]: nts_aead_seal: AEAD=15 key=32 aad=184 pt=0
14 Apr 11:16:15 ntpd[3588]: nts_aead_seal: success nonce=16 ciphertext=16
14 Apr 11:16:15 ntpd[3588]: nts_append_nts_authenticator_ef: nonceLen=16 ctLen=16 extraPadding=0
14 Apr 11:16:15 ntpd[3588]: nts_do_authenticated_ntp_sync: received UDP NTP response: 224 bytes
14 Apr 11:16:15 ntpd[3588]: nts_aead_open: AEAD=15 key=32 aad=84 nonce=16 ct=116
14 Apr 11:16:15 ntpd[3588]: nts_do_authenticated_ntp_sync: authenticated NTP response verified successfully
14 Apr 11:16:15 ntpd[3588]: nts_do_authenticated_ntp_sync: decrypted inner EF bytes: 100
14 Apr 11:16:15 ntpd[3588]: nts_do_authenticated_ntp_sync: cookies left after consume: 7
14 Apr 11:16:15 ntpd[3588]: nts_do_authenticated_ntp_sync: returned cookies: 1
14 Apr 11:16:15 ntpd[3588]: nts_do_authenticated_ntp_sync: Cookie[0] 10 f2 9c 61 ab 3b 5e 40 ...
14 Apr 11:16:15 ntpd[3588]: nts_do_authenticated_ntp_sync: Cookie[1] 10 f2 9c 61 36 d5 89 3c ...
14 Apr 11:16:15 ntpd[3588]: nts_do_authenticated_ntp_sync: Cookie[2] 10 f2 9c 61 f6 51 ab ea ...
14 Apr 11:16:15 ntpd[3588]: nts_do_authenticated_ntp_sync: Cookie[3] 10 f2 9c 61 6f 6a 57 ec ...
14 Apr 11:16:15 ntpd[3588]: nts_do_authenticated_ntp_sync: Cookie[4] 10 f2 9c 61 a0 bb 3e f7 ...
14 Apr 11:16:15 ntpd[3588]: nts_do_authenticated_ntp_sync: Cookie[5] 10 f2 9c 61 93 d5 d8 c3 ...
14 Apr 11:16:15 ntpd[3588]: nts_do_authenticated_ntp_sync: Cookie[6] 10 f2 9c 61 a1 e7 7a ef ...
14 Apr 11:16:15 ntpd[3588]: nts_do_authenticated_ntp_sync: Cookie[7] 10 f2 9c 61 f0 42 94 92 ...
14 Apr 11:16:15 ntpd[3588]: nts_update_cookies_in_session: refreshed cookies saved to: C:\Users\sebi\AppData\Local\Temp\NTSClient\4.ntp.ubuntu.com.sqlite
14 Apr 11:16:15 ntpd[3588]: nts_do_authenticated_ntp_sync: T1 client send    = 1776154575.254184723
14 Apr 11:16:15 ntpd[3588]: nts_do_authenticated_ntp_sync: T2 server receive = 1776154575.739194870
14 Apr 11:16:15 ntpd[3588]: nts_do_authenticated_ntp_sync: T3 server xmit    = 1776154575.739242315
14 Apr 11:16:15 ntpd[3588]: nts_do_authenticated_ntp_sync: T4 client recv    = 1776154575.635492325
14 Apr 11:16:15 ntpd[3588]: nts_do_authenticated_ntp_sync: Offset (sec) = 0.294380069
14 Apr 11:16:15 ntpd[3588]: nts_do_authenticated_ntp_sync: Delay  (sec) = 0.381260157
14 Apr 11:16:15 ntpd[3588]: nts_do_authenticated_ntp_sync: Offset (ms)  = 294.380069
14 Apr 11:16:15 ntpd[3588]: nts_do_authenticated_ntp_sync: Delay  (ms)  = 381.260157
14 Apr 11:16:16 ntpd[3588]: NTS:peer_xmit---has NTS_FLAG
14 Apr 11:16:16 ntpd[3588]: nts_run_peer_sync: loaded cached NTS session from C:\Users\sebi\AppData\Local\Temp\NTSClient\mmo1.nts.netnod.se.sqlite
14 Apr 11:16:16 ntpd[3588]: nts_aead_seal: AEAD=15 key=32 aad=188 pt=0
14 Apr 11:16:16 ntpd[3588]: nts_aead_seal: success nonce=16 ciphertext=16
14 Apr 11:16:16 ntpd[3588]: nts_append_nts_authenticator_ef: nonceLen=16 ctLen=16 extraPadding=0
14 Apr 11:16:16 ntpd[3588]: nts_do_authenticated_ntp_sync: received UDP NTP response: 228 bytes
14 Apr 11:16:16 ntpd[3588]: nts_aead_open: AEAD=15 key=32 aad=84 nonce=16 ct=120
14 Apr 11:16:16 ntpd[3588]: nts_do_authenticated_ntp_sync: authenticated NTP response verified successfully
14 Apr 11:16:16 ntpd[3588]: nts_do_authenticated_ntp_sync: decrypted inner EF bytes: 104
14 Apr 11:16:16 ntpd[3588]: nts_do_authenticated_ntp_sync: cookies left after consume: 7
14 Apr 11:16:16 ntpd[3588]: nts_do_authenticated_ntp_sync: returned cookies: 1
14 Apr 11:16:16 ntpd[3588]: nts_do_authenticated_ntp_sync: Cookie[0] cd 30 d3 22 47 6d 5f 25 ...
14 Apr 11:16:16 ntpd[3588]: nts_do_authenticated_ntp_sync: Cookie[1] cd 30 d3 22 4a e2 ed c9 ...
14 Apr 11:16:16 ntpd[3588]: nts_do_authenticated_ntp_sync: Cookie[2] cd 30 d3 22 bf 56 cf a2 ...
14 Apr 11:16:16 ntpd[3588]: nts_do_authenticated_ntp_sync: Cookie[3] cd 30 d3 22 99 75 be 22 ...
14 Apr 11:16:16 ntpd[3588]: nts_do_authenticated_ntp_sync: Cookie[4] cd 30 d3 22 05 d7 85 23 ...
14 Apr 11:16:16 ntpd[3588]: nts_do_authenticated_ntp_sync: Cookie[5] cd 30 d3 22 71 3f 65 14 ...
14 Apr 11:16:16 ntpd[3588]: nts_do_authenticated_ntp_sync: Cookie[6] cd 30 d3 22 85 86 24 d0 ...
14 Apr 11:16:16 ntpd[3588]: nts_do_authenticated_ntp_sync: Cookie[7] cd 30 d3 22 a1 44 32 75 ...
14 Apr 11:16:16 ntpd[3588]: nts_update_cookies_in_session: refreshed cookies saved to: C:\Users\sebi\AppData\Local\Temp\NTSClient\mmo1.nts.netnod.se.sqlite
14 Apr 11:16:16 ntpd[3588]: nts_do_authenticated_ntp_sync: T1 client send    = 1776154576.149631500
14 Apr 11:16:16 ntpd[3588]: nts_do_authenticated_ntp_sync: T2 server receive = 1776154576.345424175
14 Apr 11:16:16 ntpd[3588]: nts_do_authenticated_ntp_sync: T3 server xmit    = 1776154576.345428705
14 Apr 11:16:16 ntpd[3588]: nts_do_authenticated_ntp_sync: T4 client recv    = 1776154576.213422775
14 Apr 11:16:16 ntpd[3588]: nts_do_authenticated_ntp_sync: Offset (sec) = 0.163899302
14 Apr 11:16:16 ntpd[3588]: nts_do_authenticated_ntp_sync: Delay  (sec) = 0.063786745
14 Apr 11:16:16 ntpd[3588]: nts_do_authenticated_ntp_sync: Offset (ms)  = 163.899302
14 Apr 11:16:16 ntpd[3588]: nts_do_authenticated_ntp_sync: Delay  (ms)  = 63.786745
14 Apr 11:16:17 ntpd[3588]: NTS:peer_xmit---has NTS_FLAG
14 Apr 11:16:17 ntpd[3588]: nts_run_peer_sync: loaded cached NTS session from C:\Users\sebi\AppData\Local\Temp\NTSClient\mmo2.nts.netnod.se.sqlite
14 Apr 11:16:17 ntpd[3588]: nts_aead_seal: AEAD=15 key=32 aad=188 pt=0
14 Apr 11:16:17 ntpd[3588]: nts_aead_seal: success nonce=16 ciphertext=16
14 Apr 11:16:17 ntpd[3588]: nts_append_nts_authenticator_ef: nonceLen=16 ctLen=16 extraPadding=0
14 Apr 11:16:17 ntpd[3588]: nts_do_authenticated_ntp_sync: received UDP NTP response: 228 bytes
14 Apr 11:16:17 ntpd[3588]: nts_aead_open: AEAD=15 key=32 aad=84 nonce=16 ct=120
14 Apr 11:16:17 ntpd[3588]: nts_do_authenticated_ntp_sync: authenticated NTP response verified successfully
14 Apr 11:16:17 ntpd[3588]: nts_do_authenticated_ntp_sync: decrypted inner EF bytes: 104
14 Apr 11:16:17 ntpd[3588]: nts_do_authenticated_ntp_sync: cookies left after consume: 7
14 Apr 11:16:17 ntpd[3588]: nts_do_authenticated_ntp_sync: returned cookies: 1
14 Apr 11:16:17 ntpd[3588]: nts_do_authenticated_ntp_sync: Cookie[0] cd 30 d3 22 96 c0 d9 02 ...
14 Apr 11:16:17 ntpd[3588]: nts_do_authenticated_ntp_sync: Cookie[1] cd 30 d3 22 68 98 8e 79 ...
14 Apr 11:16:17 ntpd[3588]: nts_do_authenticated_ntp_sync: Cookie[2] cd 30 d3 22 99 20 a0 4c ...
14 Apr 11:16:17 ntpd[3588]: nts_do_authenticated_ntp_sync: Cookie[3] cd 30 d3 22 df b8 7b 90 ...
14 Apr 11:16:17 ntpd[3588]: nts_do_authenticated_ntp_sync: Cookie[4] cd 30 d3 22 d9 a9 66 b6 ...
14 Apr 11:16:17 ntpd[3588]: nts_do_authenticated_ntp_sync: Cookie[5] cd 30 d3 22 d1 2a 5b 89 ...
14 Apr 11:16:17 ntpd[3588]: nts_do_authenticated_ntp_sync: Cookie[6] cd 30 d3 22 ae eb da 9e ...
14 Apr 11:16:17 ntpd[3588]: nts_do_authenticated_ntp_sync: Cookie[7] cd 30 d3 22 b1 8f 10 b1 ...
14 Apr 11:16:17 ntpd[3588]: nts_update_cookies_in_session: refreshed cookies saved to: C:\Users\sebi\AppData\Local\Temp\NTSClient\mmo2.nts.netnod.se.sqlite
14 Apr 11:16:17 ntpd[3588]: nts_do_authenticated_ntp_sync: T1 client send    = 1776154577.157213211
14 Apr 11:16:17 ntpd[3588]: nts_do_authenticated_ntp_sync: T2 server receive = 1776154577.352073193
14 Apr 11:16:17 ntpd[3588]: nts_do_authenticated_ntp_sync: T3 server xmit    = 1776154577.352077723
14 Apr 11:16:17 ntpd[3588]: nts_do_authenticated_ntp_sync: T4 client recv    = 1776154577.218275070
14 Apr 11:16:17 ntpd[3588]: nts_do_authenticated_ntp_sync: Offset (sec) = 0.164331317
14 Apr 11:16:17 ntpd[3588]: nts_do_authenticated_ntp_sync: Delay  (sec) = 0.061057329
14 Apr 11:16:17 ntpd[3588]: nts_do_authenticated_ntp_sync: Offset (ms)  = 164.331317
14 Apr 11:16:17 ntpd[3588]: nts_do_authenticated_ntp_sync: Delay  (ms)  = 61.057329
14 Apr 11:16:17 ntpd[3588]: NTS:peer_xmit---has NTS_FLAG
14 Apr 11:16:17 ntpd[3588]: nts_run_peer_sync: loaded cached NTS session from C:\Users\sebi\AppData\Local\Temp\NTSClient\lul1.nts.netnod.se.sqlite
14 Apr 11:16:17 ntpd[3588]: nts_aead_seal: AEAD=15 key=32 aad=188 pt=0
14 Apr 11:16:17 ntpd[3588]: nts_aead_seal: success nonce=16 ciphertext=16
14 Apr 11:16:17 ntpd[3588]: nts_append_nts_authenticator_ef: nonceLen=16 ctLen=16 extraPadding=0
14 Apr 11:16:17 ntpd[3588]: nts_do_authenticated_ntp_sync: received UDP NTP response: 228 bytes
14 Apr 11:16:17 ntpd[3588]: nts_aead_open: AEAD=15 key=32 aad=84 nonce=16 ct=120
14 Apr 11:16:17 ntpd[3588]: nts_do_authenticated_ntp_sync: authenticated NTP response verified successfully
14 Apr 11:16:17 ntpd[3588]: nts_do_authenticated_ntp_sync: decrypted inner EF bytes: 104
14 Apr 11:16:17 ntpd[3588]: nts_do_authenticated_ntp_sync: cookies left after consume: 7
14 Apr 11:16:17 ntpd[3588]: nts_do_authenticated_ntp_sync: returned cookies: 1
14 Apr 11:16:17 ntpd[3588]: nts_do_authenticated_ntp_sync: Cookie[0] 20 d1 f8 a0 9f 06 ce b2 ...
14 Apr 11:16:17 ntpd[3588]: nts_do_authenticated_ntp_sync: Cookie[1] 20 d1 f8 a0 20 0e bc 16 ...
14 Apr 11:16:17 ntpd[3588]: nts_do_authenticated_ntp_sync: Cookie[2] 20 d1 f8 a0 5e 8b 78 dd ...
14 Apr 11:16:17 ntpd[3588]: nts_do_authenticated_ntp_sync: Cookie[3] 20 d1 f8 a0 1d 4e 36 4d ...
14 Apr 11:16:17 ntpd[3588]: nts_do_authenticated_ntp_sync: Cookie[4] 20 d1 f8 a0 3b 62 b6 f6 ...
14 Apr 11:16:17 ntpd[3588]: nts_do_authenticated_ntp_sync: Cookie[5] 20 d1 f8 a0 63 b1 43 64 ...
14 Apr 11:16:17 ntpd[3588]: nts_do_authenticated_ntp_sync: Cookie[6] 20 d1 f8 a0 5d f9 f0 2b ...
14 Apr 11:16:17 ntpd[3588]: nts_do_authenticated_ntp_sync: Cookie[7] 20 d1 f8 a0 88 c4 6b 8e ...
14 Apr 11:16:17 ntpd[3588]: nts_update_cookies_in_session: refreshed cookies saved to: C:\Users\sebi\AppData\Local\Temp\NTSClient\lul1.nts.netnod.se.sqlite
14 Apr 11:16:17 ntpd[3588]: nts_do_authenticated_ntp_sync: T1 client send    = 1776154577.243923187
14 Apr 11:16:17 ntpd[3588]: nts_do_authenticated_ntp_sync: T2 server receive = 1776154577.447644234
14 Apr 11:16:17 ntpd[3588]: nts_do_authenticated_ntp_sync: T3 server xmit    = 1776154577.447648764
14 Apr 11:16:17 ntpd[3588]: nts_do_authenticated_ntp_sync: T4 client recv    = 1776154577.330451965
14 Apr 11:16:17 ntpd[3588]: nts_do_authenticated_ntp_sync: Offset (sec) = 0.160458922
14 Apr 11:16:17 ntpd[3588]: nts_do_authenticated_ntp_sync: Delay  (sec) = 0.086524248
14 Apr 11:16:17 ntpd[3588]: nts_do_authenticated_ntp_sync: Offset (ms)  = 160.458922
14 Apr 11:16:17 ntpd[3588]: nts_do_authenticated_ntp_sync: Delay  (ms)  = 86.524248
14 Apr 11:16:20 ntpd[3588]: NTS:peer_xmit---has NTS_FLAG
14 Apr 11:16:20 ntpd[3588]: nts_run_peer_sync: loaded cached NTS session from C:\Users\sebi\AppData\Local\Temp\NTSClient\sth2.nts.netnod.se.sqlite
14 Apr 11:16:20 ntpd[3588]: nts_aead_seal: AEAD=15 key=32 aad=188 pt=0
14 Apr 11:16:20 ntpd[3588]: nts_aead_seal: success nonce=16 ciphertext=16
14 Apr 11:16:20 ntpd[3588]: nts_append_nts_authenticator_ef: nonceLen=16 ctLen=16 extraPadding=0
14 Apr 11:16:20 ntpd[3588]: nts_do_authenticated_ntp_sync: received UDP NTP response: 228 bytes
14 Apr 11:16:20 ntpd[3588]: nts_aead_open: AEAD=15 key=32 aad=84 nonce=16 ct=120
14 Apr 11:16:20 ntpd[3588]: nts_do_authenticated_ntp_sync: authenticated NTP response verified successfully
14 Apr 11:16:20 ntpd[3588]: nts_do_authenticated_ntp_sync: decrypted inner EF bytes: 104
14 Apr 11:16:20 ntpd[3588]: nts_do_authenticated_ntp_sync: cookies left after consume: 7
14 Apr 11:16:20 ntpd[3588]: nts_do_authenticated_ntp_sync: returned cookies: 1
14 Apr 11:16:20 ntpd[3588]: nts_do_authenticated_ntp_sync: Cookie[0] 90 0c af a8 4a fd fe 09 ...
14 Apr 11:16:20 ntpd[3588]: nts_do_authenticated_ntp_sync: Cookie[1] 90 0c af a8 2e 2a f0 20 ...
14 Apr 11:16:20 ntpd[3588]: nts_do_authenticated_ntp_sync: Cookie[2] 90 0c af a8 63 54 07 8b ...
14 Apr 11:16:20 ntpd[3588]: nts_do_authenticated_ntp_sync: Cookie[3] 90 0c af a8 74 f5 35 b4 ...
14 Apr 11:16:20 ntpd[3588]: nts_do_authenticated_ntp_sync: Cookie[4] 90 0c af a8 5a ac 5e 66 ...
14 Apr 11:16:20 ntpd[3588]: nts_do_authenticated_ntp_sync: Cookie[5] f7 5e cf 63 9a dd bf 29 ...
14 Apr 11:16:20 ntpd[3588]: nts_do_authenticated_ntp_sync: Cookie[6] f7 5e cf 63 db 23 65 1e ...
14 Apr 11:16:20 ntpd[3588]: nts_do_authenticated_ntp_sync: Cookie[7] f7 5e cf 63 42 45 12 2f ...
14 Apr 11:16:20 ntpd[3588]: nts_update_cookies_in_session: refreshed cookies saved to: C:\Users\sebi\AppData\Local\Temp\NTSClient\sth2.nts.netnod.se.sqlite
14 Apr 11:16:20 ntpd[3588]: nts_do_authenticated_ntp_sync: T1 client send    = 1776154580.143465042
14 Apr 11:16:20 ntpd[3588]: nts_do_authenticated_ntp_sync: T2 server receive = 1776154580.345680952
14 Apr 11:16:20 ntpd[3588]: nts_do_authenticated_ntp_sync: T3 server xmit    = 1776154580.345685482
14 Apr 11:16:20 ntpd[3588]: nts_do_authenticated_ntp_sync: T4 client recv    = 1776154580.208862305
14 Apr 11:16:20 ntpd[3588]: nts_do_authenticated_ntp_sync: Offset (sec) = 0.169519544
14 Apr 11:16:20 ntpd[3588]: nts_do_authenticated_ntp_sync: Delay  (sec) = 0.065392733
14 Apr 11:16:20 ntpd[3588]: nts_do_authenticated_ntp_sync: Offset (ms)  = 169.519544
14 Apr 11:16:20 ntpd[3588]: nts_do_authenticated_ntp_sync: Delay  (ms)  = 65.392733
14 Apr 11:16:22 ntpd[3588]: NTS:peer_xmit---has NTS_FLAG
14 Apr 11:16:22 ntpd[3588]: nts_run_peer_sync: loaded cached NTS session from C:\Users\sebi\AppData\Local\Temp\NTSClient\sth1.nts.netnod.se.sqlite
14 Apr 11:16:22 ntpd[3588]: nts_aead_seal: AEAD=15 key=32 aad=188 pt=0
14 Apr 11:16:22 ntpd[3588]: nts_aead_seal: success nonce=16 ciphertext=16
14 Apr 11:16:22 ntpd[3588]: nts_append_nts_authenticator_ef: nonceLen=16 ctLen=16 extraPadding=0
14 Apr 11:16:22 ntpd[3588]: nts_do_authenticated_ntp_sync: received UDP NTP response: 228 bytes
14 Apr 11:16:22 ntpd[3588]: nts_aead_open: AEAD=15 key=32 aad=84 nonce=16 ct=120
14 Apr 11:16:22 ntpd[3588]: nts_do_authenticated_ntp_sync: authenticated NTP response verified successfully
14 Apr 11:16:22 ntpd[3588]: nts_do_authenticated_ntp_sync: decrypted inner EF bytes: 104
14 Apr 11:16:22 ntpd[3588]: nts_do_authenticated_ntp_sync: cookies left after consume: 7
14 Apr 11:16:22 ntpd[3588]: nts_do_authenticated_ntp_sync: returned cookies: 1
14 Apr 11:16:22 ntpd[3588]: nts_do_authenticated_ntp_sync: Cookie[0] f7 5e cf 63 3e 65 82 27 ...
14 Apr 11:16:22 ntpd[3588]: nts_do_authenticated_ntp_sync: Cookie[1] f7 5e cf 63 a1 66 0f 46 ...
14 Apr 11:16:22 ntpd[3588]: nts_do_authenticated_ntp_sync: Cookie[2] f7 5e cf 63 84 54 58 5a ...
14 Apr 11:16:22 ntpd[3588]: nts_do_authenticated_ntp_sync: Cookie[3] f7 5e cf 63 33 7e da 0f ...
14 Apr 11:16:22 ntpd[3588]: nts_do_authenticated_ntp_sync: Cookie[4] f7 5e cf 63 e1 2b 2d e8 ...
14 Apr 11:16:22 ntpd[3588]: nts_do_authenticated_ntp_sync: Cookie[5] f7 5e cf 63 1e 7a f8 17 ...
14 Apr 11:16:22 ntpd[3588]: nts_do_authenticated_ntp_sync: Cookie[6] f7 5e cf 63 c8 d6 34 a3 ...
14 Apr 11:16:22 ntpd[3588]: nts_do_authenticated_ntp_sync: Cookie[7] f7 5e cf 63 38 e6 e3 0c ...
14 Apr 11:16:22 ntpd[3588]: nts_update_cookies_in_session: refreshed cookies saved to: C:\Users\sebi\AppData\Local\Temp\NTSClient\sth1.nts.netnod.se.sqlite
14 Apr 11:16:22 ntpd[3588]: nts_do_authenticated_ntp_sync: T1 client send    = 1776154582.170919418
14 Apr 11:16:22 ntpd[3588]: nts_do_authenticated_ntp_sync: T2 server receive = 1776154582.373462915
14 Apr 11:16:22 ntpd[3588]: nts_do_authenticated_ntp_sync: T3 server xmit    = 1776154582.373467445
14 Apr 11:16:22 ntpd[3588]: nts_do_authenticated_ntp_sync: T4 client recv    = 1776154582.236009598
14 Apr 11:16:22 ntpd[3588]: nts_do_authenticated_ntp_sync: Offset (sec) = 0.170000672
14 Apr 11:16:22 ntpd[3588]: nts_do_authenticated_ntp_sync: Delay  (sec) = 0.065085649
14 Apr 11:16:22 ntpd[3588]: nts_do_authenticated_ntp_sync: Offset (ms)  = 170.000672
14 Apr 11:16:22 ntpd[3588]: nts_do_authenticated_ntp_sync: Delay  (ms)  = 65.085649
14 Apr 11:16:41 ntpd[3588]: ntservice: The Network Time Protocol Service is stopping.
14 Apr 11:16:46 ntpd[12908]: ntpd 4.2.8p18@1.4091-o Apr 14 10:51:57.25 (UTC+03:00) 2026  (39): Starting
14 Apr 11:16:46 ntpd[12908]: Command line: ntpd.exe -U 3 -D 4 -M -g -c ntp.conf -l ntp.log
14 Apr 11:16:46 ntpd[12908]: ----------------------------------------------------
14 Apr 11:16:46 ntpd[12908]: ntp-4 is maintained by Network Time Foundation,
14 Apr 11:16:46 ntpd[12908]: Inc. (NTF), a non-profit 501(c)(3) public-benefit
14 Apr 11:16:46 ntpd[12908]: corporation.  Support and training for ntp-4 are
14 Apr 11:16:46 ntpd[12908]: available at https://www.nwtime.org/support
14 Apr 11:16:46 ntpd[12908]: ----------------------------------------------------
14 Apr 11:16:46 ntpd[12908]: DEBUG behavior is enabled - a violation of any diagnostic assertion will cause ntpd to abort
14 Apr 11:16:46 ntpd[12908]: Raised to realtime priority class
14 Apr 11:16:46 ntpd[12908]: Clock interrupt period 15.625 msec
14 Apr 11:16:46 ntpd[12908]: Performance counter frequency 10.000 MHz
14 Apr 11:16:46 ntpd[12908]: set_process_priority: Leave priority alone: priority_done is <2>
14 Apr 11:16:46 ntpd[12908]: proto: precision = 0.400 usec (-21)
14 Apr 11:16:46 ntpd[12908]: basedate set to 2026-04-02
14 Apr 11:16:46 ntpd[12908]: gps base set to 2026-04-05 (week 2413)
14 Apr 11:16:46 ntpd[12908]: Listen and drop on 0 v6wildcard [::]:123
14 Apr 11:16:46 ntpd[12908]: Listen and drop on 1 v4wildcard 0.0.0.0:123
14 Apr 11:16:46 ntpd[12908]: Listen normally on 2 Ethernet0 2 192.168.1.19:123
14 Apr 11:16:46 ntpd[12908]: Listen normally on 3 Loopback Pseudo-Interface 1 [::1]:123
14 Apr 11:16:46 ntpd[12908]: Listen normally on 4 Loopback Pseudo-Interface 1 127.0.0.1:123
14 Apr 11:16:47 ntpd[12908]: NTS:peer_xmit---has NTS_FLAG
14 Apr 11:16:47 ntpd[12908]: nts_run_peer_sync: loaded cached NTS session from C:\Users\sebi\AppData\Local\Temp\NTSClient\1.ntp.ubuntu.com.sqlite
14 Apr 11:16:47 ntpd[12908]: nts_aead_seal: AEAD=15 key=32 aad=184 pt=0
14 Apr 11:16:47 ntpd[12908]: nts_aead_seal: success nonce=16 ciphertext=16
14 Apr 11:16:47 ntpd[12908]: nts_append_nts_authenticator_ef: nonceLen=16 ctLen=16 extraPadding=0
14 Apr 11:16:52 ntpd[12908]: nts_send_udp_and_receive: recvfrom failed or timed out, WSAGetLastError=10060
14 Apr 11:16:52 ntpd[12908]: nts_do_authenticated_ntp_sync: nts_send_udp_and_receive failed
14 Apr 11:16:52 ntpd[12908]: nts_run_peer_sync: cached authenticated NTP failed due to network; keeping cached session
14 Apr 11:16:52 ntpd[12908]: NTS:peer_xmit---has NTS_FLAG
14 Apr 11:16:52 ntpd[12908]: nts_run_peer_sync: loaded cached NTS session from C:\Users\sebi\AppData\Local\Temp\NTSClient\2.ntp.ubuntu.com.sqlite
14 Apr 11:16:52 ntpd[12908]: nts_aead_seal: AEAD=15 key=32 aad=184 pt=0
14 Apr 11:16:52 ntpd[12908]: nts_aead_seal: success nonce=16 ciphertext=16
14 Apr 11:16:52 ntpd[12908]: nts_append_nts_authenticator_ef: nonceLen=16 ctLen=16 extraPadding=0
14 Apr 11:16:52 ntpd[12908]: nts_do_authenticated_ntp_sync: received UDP NTP response: 224 bytes
14 Apr 11:16:52 ntpd[12908]: nts_aead_open: AEAD=15 key=32 aad=84 nonce=16 ct=116
14 Apr 11:16:52 ntpd[12908]: nts_do_authenticated_ntp_sync: authenticated NTP response verified successfully
14 Apr 11:16:52 ntpd[12908]: nts_do_authenticated_ntp_sync: decrypted inner EF bytes: 100
14 Apr 11:16:52 ntpd[12908]: nts_do_authenticated_ntp_sync: cookies left after consume: 7
14 Apr 11:16:52 ntpd[12908]: nts_do_authenticated_ntp_sync: returned cookies: 1
14 Apr 11:16:52 ntpd[12908]: nts_do_authenticated_ntp_sync: Cookie[0] 38 53 3b 4b 38 41 08 6a ...
14 Apr 11:16:52 ntpd[12908]: nts_do_authenticated_ntp_sync: Cookie[1] 38 53 3b 4b 07 70 08 be ...
14 Apr 11:16:52 ntpd[12908]: nts_do_authenticated_ntp_sync: Cookie[2] 38 53 3b 4b e0 f6 1f 19 ...
14 Apr 11:16:52 ntpd[12908]: nts_do_authenticated_ntp_sync: Cookie[3] 38 53 3b 4b 40 6e e7 23 ...
14 Apr 11:16:52 ntpd[12908]: nts_do_authenticated_ntp_sync: Cookie[4] 38 53 3b 4b e2 4e c9 38 ...
14 Apr 11:16:52 ntpd[12908]: nts_do_authenticated_ntp_sync: Cookie[5] 38 53 3b 4b 13 c4 8b 3f ...
14 Apr 11:16:52 ntpd[12908]: nts_do_authenticated_ntp_sync: Cookie[6] 38 53 3b 4b 80 c5 3e 66 ...
14 Apr 11:16:52 ntpd[12908]: nts_do_authenticated_ntp_sync: Cookie[7] 38 53 3b 4b f0 f3 65 d1 ...
14 Apr 11:16:52 ntpd[12908]: nts_update_cookies_in_session: refreshed cookies saved to: C:\Users\sebi\AppData\Local\Temp\NTSClient\2.ntp.ubuntu.com.sqlite
14 Apr 11:16:53 ntpd[12908]: nts_do_authenticated_ntp_sync: T1 client send    = 1776154612.932231903
14 Apr 11:16:53 ntpd[12908]: nts_do_authenticated_ntp_sync: T2 server receive = 1776154613.122800827
14 Apr 11:16:53 ntpd[12908]: nts_do_authenticated_ntp_sync: T3 server xmit    = 1776154613.122867584
14 Apr 11:16:53 ntpd[12908]: nts_do_authenticated_ntp_sync: T4 client recv    = 1776154612.981754303
14 Apr 11:16:53 ntpd[12908]: nts_do_authenticated_ntp_sync: Offset (sec) = 0.165841103
14 Apr 11:16:53 ntpd[12908]: nts_do_authenticated_ntp_sync: Delay  (sec) = 0.049455643
14 Apr 11:16:53 ntpd[12908]: nts_do_authenticated_ntp_sync: Offset (ms)  = 165.841103
14 Apr 11:16:53 ntpd[12908]: nts_do_authenticated_ntp_sync: Delay  (ms)  = 49.455643
14 Apr 11:16:53 ntpd[12908]: NTS:peer_xmit---has NTS_FLAG
14 Apr 11:16:53 ntpd[12908]: nts_run_peer_sync: loaded cached NTS session from C:\Users\sebi\AppData\Local\Temp\NTSClient\3.ntp.ubuntu.com.sqlite
14 Apr 11:16:53 ntpd[12908]: nts_aead_seal: AEAD=15 key=32 aad=184 pt=0
14 Apr 11:16:53 ntpd[12908]: nts_aead_seal: success nonce=16 ciphertext=16
14 Apr 11:16:53 ntpd[12908]: nts_append_nts_authenticator_ef: nonceLen=16 ctLen=16 extraPadding=0
14 Apr 11:16:54 ntpd[12908]: nts_do_authenticated_ntp_sync: received UDP NTP response: 224 bytes
14 Apr 11:16:54 ntpd[12908]: nts_aead_open: AEAD=15 key=32 aad=84 nonce=16 ct=116
14 Apr 11:16:54 ntpd[12908]: nts_do_authenticated_ntp_sync: authenticated NTP response verified successfully
14 Apr 11:16:54 ntpd[12908]: nts_do_authenticated_ntp_sync: decrypted inner EF bytes: 100
14 Apr 11:16:54 ntpd[12908]: nts_do_authenticated_ntp_sync: cookies left after consume: 7
14 Apr 11:16:54 ntpd[12908]: nts_do_authenticated_ntp_sync: returned cookies: 1
14 Apr 11:16:54 ntpd[12908]: nts_do_authenticated_ntp_sync: Cookie[0] 7c 00 6f ec ea 34 80 8d ...
14 Apr 11:16:54 ntpd[12908]: nts_do_authenticated_ntp_sync: Cookie[1] 7c 00 6f ec 3e b7 f6 40 ...
14 Apr 11:16:54 ntpd[12908]: nts_do_authenticated_ntp_sync: Cookie[2] 7c 00 6f ec e4 03 d9 24 ...
14 Apr 11:16:54 ntpd[12908]: nts_do_authenticated_ntp_sync: Cookie[3] 7c 00 6f ec d1 b9 ec 1b ...
14 Apr 11:16:54 ntpd[12908]: nts_do_authenticated_ntp_sync: Cookie[4] 7c 00 6f ec fa 0b 10 21 ...
14 Apr 11:16:54 ntpd[12908]: nts_do_authenticated_ntp_sync: Cookie[5] 7c 00 6f ec 94 b6 65 dc ...
14 Apr 11:16:54 ntpd[12908]: nts_do_authenticated_ntp_sync: Cookie[6] 7c 00 6f ec c6 a0 c9 9a ...
14 Apr 11:16:54 ntpd[12908]: nts_do_authenticated_ntp_sync: Cookie[7] 7c 00 6f ec 7c 3d 31 40 ...
14 Apr 11:16:54 ntpd[12908]: nts_update_cookies_in_session: refreshed cookies saved to: C:\Users\sebi\AppData\Local\Temp\NTSClient\3.ntp.ubuntu.com.sqlite
14 Apr 11:16:54 ntpd[12908]: nts_do_authenticated_ntp_sync: T1 client send    = 1776154613.878290176
14 Apr 11:16:54 ntpd[12908]: nts_do_authenticated_ntp_sync: T2 server receive = 1776154614.115317583
14 Apr 11:16:54 ntpd[12908]: nts_do_authenticated_ntp_sync: T3 server xmit    = 1776154614.115358114
14 Apr 11:16:54 ntpd[12908]: nts_do_authenticated_ntp_sync: T4 client recv    = 1776154614.005418777
14 Apr 11:16:54 ntpd[12908]: nts_do_authenticated_ntp_sync: Offset (sec) = 0.173483372
14 Apr 11:16:54 ntpd[12908]: nts_do_authenticated_ntp_sync: Delay  (sec) = 0.127088070
14 Apr 11:16:54 ntpd[12908]: nts_do_authenticated_ntp_sync: Offset (ms)  = 173.483372
14 Apr 11:16:54 ntpd[12908]: nts_do_authenticated_ntp_sync: Delay  (ms)  = 127.088070
14 Apr 11:16:54 ntpd[12908]: NTS:peer_xmit---has NTS_FLAG
14 Apr 11:16:54 ntpd[12908]: nts_run_peer_sync: loaded cached NTS session from C:\Users\sebi\AppData\Local\Temp\NTSClient\4.ntp.ubuntu.com.sqlite
14 Apr 11:16:54 ntpd[12908]: nts_aead_seal: AEAD=15 key=32 aad=184 pt=0
14 Apr 11:16:54 ntpd[12908]: nts_aead_seal: success nonce=16 ciphertext=16
14 Apr 11:16:54 ntpd[12908]: nts_append_nts_authenticator_ef: nonceLen=16 ctLen=16 extraPadding=0
14 Apr 11:16:55 ntpd[12908]: nts_do_authenticated_ntp_sync: received UDP NTP response: 224 bytes
14 Apr 11:16:55 ntpd[12908]: nts_aead_open: AEAD=15 key=32 aad=84 nonce=16 ct=116
14 Apr 11:16:55 ntpd[12908]: nts_do_authenticated_ntp_sync: authenticated NTP response verified successfully
14 Apr 11:16:55 ntpd[12908]: nts_do_authenticated_ntp_sync: decrypted inner EF bytes: 100
14 Apr 11:16:55 ntpd[12908]: nts_do_authenticated_ntp_sync: cookies left after consume: 7
14 Apr 11:16:55 ntpd[12908]: nts_do_authenticated_ntp_sync: returned cookies: 1
14 Apr 11:16:55 ntpd[12908]: nts_do_authenticated_ntp_sync: Cookie[0] 10 f2 9c 61 36 d5 89 3c ...
14 Apr 11:16:55 ntpd[12908]: nts_do_authenticated_ntp_sync: Cookie[1] 10 f2 9c 61 f6 51 ab ea ...
14 Apr 11:16:55 ntpd[12908]: nts_do_authenticated_ntp_sync: Cookie[2] 10 f2 9c 61 6f 6a 57 ec ...
14 Apr 11:16:55 ntpd[12908]: nts_do_authenticated_ntp_sync: Cookie[3] 10 f2 9c 61 a0 bb 3e f7 ...
14 Apr 11:16:55 ntpd[12908]: nts_do_authenticated_ntp_sync: Cookie[4] 10 f2 9c 61 93 d5 d8 c3 ...
14 Apr 11:16:55 ntpd[12908]: nts_do_authenticated_ntp_sync: Cookie[5] 10 f2 9c 61 a1 e7 7a ef ...
14 Apr 11:16:55 ntpd[12908]: nts_do_authenticated_ntp_sync: Cookie[6] 10 f2 9c 61 f0 42 94 92 ...
14 Apr 11:16:55 ntpd[12908]: nts_do_authenticated_ntp_sync: Cookie[7] 10 f2 9c 61 a0 36 43 07 ...
14 Apr 11:16:55 ntpd[12908]: nts_update_cookies_in_session: refreshed cookies saved to: C:\Users\sebi\AppData\Local\Temp\NTSClient\4.ntp.ubuntu.com.sqlite
14 Apr 11:16:55 ntpd[12908]: nts_do_authenticated_ntp_sync: T1 client send    = 1776154614.884277344
14 Apr 11:16:55 ntpd[12908]: nts_do_authenticated_ntp_sync: T2 server receive = 1776154615.111456394
14 Apr 11:16:55 ntpd[12908]: nts_do_authenticated_ntp_sync: T3 server xmit    = 1776154615.111494541
14 Apr 11:16:55 ntpd[12908]: nts_do_authenticated_ntp_sync: T4 client recv    = 1776154615.009864807
14 Apr 11:16:55 ntpd[12908]: nts_do_authenticated_ntp_sync: Offset (sec) = 0.164404392
14 Apr 11:16:55 ntpd[12908]: nts_do_authenticated_ntp_sync: Delay  (sec) = 0.125549316
14 Apr 11:16:55 ntpd[12908]: nts_do_authenticated_ntp_sync: Offset (ms)  = 164.404392
14 Apr 11:16:55 ntpd[12908]: nts_do_authenticated_ntp_sync: Delay  (ms)  = 125.549316
14 Apr 11:16:55 ntpd[12908]: NTS:peer_xmit---has NTS_FLAG
14 Apr 11:16:55 ntpd[12908]: nts_run_peer_sync: loaded cached NTS session from C:\Users\sebi\AppData\Local\Temp\NTSClient\lul1.nts.netnod.se.sqlite
14 Apr 11:16:55 ntpd[12908]: nts_aead_seal: AEAD=15 key=32 aad=188 pt=0
14 Apr 11:16:55 ntpd[12908]: nts_aead_seal: success nonce=16 ciphertext=16
14 Apr 11:16:55 ntpd[12908]: nts_append_nts_authenticator_ef: nonceLen=16 ctLen=16 extraPadding=0
14 Apr 11:16:55 ntpd[12908]: nts_do_authenticated_ntp_sync: received UDP NTP response: 228 bytes
14 Apr 11:16:55 ntpd[12908]: nts_aead_open: AEAD=15 key=32 aad=84 nonce=16 ct=120
14 Apr 11:16:55 ntpd[12908]: nts_do_authenticated_ntp_sync: authenticated NTP response verified successfully
14 Apr 11:16:55 ntpd[12908]: nts_do_authenticated_ntp_sync: decrypted inner EF bytes: 104
14 Apr 11:16:55 ntpd[12908]: nts_do_authenticated_ntp_sync: cookies left after consume: 7
14 Apr 11:16:55 ntpd[12908]: nts_do_authenticated_ntp_sync: returned cookies: 1
14 Apr 11:16:55 ntpd[12908]: nts_do_authenticated_ntp_sync: Cookie[0] 20 d1 f8 a0 20 0e bc 16 ...
14 Apr 11:16:55 ntpd[12908]: nts_do_authenticated_ntp_sync: Cookie[1] 20 d1 f8 a0 5e 8b 78 dd ...
14 Apr 11:16:55 ntpd[12908]: nts_do_authenticated_ntp_sync: Cookie[2] 20 d1 f8 a0 1d 4e 36 4d ...
14 Apr 11:16:55 ntpd[12908]: nts_do_authenticated_ntp_sync: Cookie[3] 20 d1 f8 a0 3b 62 b6 f6 ...
14 Apr 11:16:55 ntpd[12908]: nts_do_authenticated_ntp_sync: Cookie[4] 20 d1 f8 a0 63 b1 43 64 ...
14 Apr 11:16:55 ntpd[12908]: nts_do_authenticated_ntp_sync: Cookie[5] 20 d1 f8 a0 5d f9 f0 2b ...
14 Apr 11:16:55 ntpd[12908]: nts_do_authenticated_ntp_sync: Cookie[6] 20 d1 f8 a0 88 c4 6b 8e ...
14 Apr 11:16:55 ntpd[12908]: nts_do_authenticated_ntp_sync: Cookie[7] 20 d1 f8 a0 f3 c0 0e 93 ...
14 Apr 11:16:55 ntpd[12908]: nts_update_cookies_in_session: refreshed cookies saved to: C:\Users\sebi\AppData\Local\Temp\NTSClient\lul1.nts.netnod.se.sqlite
14 Apr 11:16:55 ntpd[12908]: nts_do_authenticated_ntp_sync: T1 client send    = 1776154615.893344879
14 Apr 11:16:55 ntpd[12908]: nts_do_authenticated_ntp_sync: T2 server receive = 1776154616.101163387
14 Apr 11:16:55 ntpd[12908]: nts_do_authenticated_ntp_sync: T3 server xmit    = 1776154616.101167679
14 Apr 11:16:55 ntpd[12908]: nts_do_authenticated_ntp_sync: T4 client recv    = 1776154615.980344772
14 Apr 11:16:55 ntpd[12908]: nts_do_authenticated_ntp_sync: Offset (sec) = 0.164320707
14 Apr 11:16:55 ntpd[12908]: nts_do_authenticated_ntp_sync: Delay  (sec) = 0.086995602
14 Apr 11:16:55 ntpd[12908]: nts_do_authenticated_ntp_sync: Offset (ms)  = 164.320707
14 Apr 11:16:55 ntpd[12908]: nts_do_authenticated_ntp_sync: Delay  (ms)  = 86.995602
14 Apr 11:16:56 ntpd[12908]: NTS:peer_xmit---has NTS_FLAG
14 Apr 11:16:56 ntpd[12908]: nts_run_peer_sync: loaded cached NTS session from C:\Users\sebi\AppData\Local\Temp\NTSClient\lul2.nts.netnod.se.sqlite
14 Apr 11:16:56 ntpd[12908]: nts_aead_seal: AEAD=15 key=32 aad=188 pt=0
14 Apr 11:16:56 ntpd[12908]: nts_aead_seal: success nonce=16 ciphertext=16
14 Apr 11:16:56 ntpd[12908]: nts_append_nts_authenticator_ef: nonceLen=16 ctLen=16 extraPadding=0
14 Apr 11:16:56 ntpd[12908]: nts_do_authenticated_ntp_sync: received UDP NTP response: 228 bytes
14 Apr 11:16:56 ntpd[12908]: nts_aead_open: AEAD=15 key=32 aad=84 nonce=16 ct=120
14 Apr 11:16:56 ntpd[12908]: nts_do_authenticated_ntp_sync: authenticated NTP response verified successfully
14 Apr 11:16:56 ntpd[12908]: nts_do_authenticated_ntp_sync: decrypted inner EF bytes: 104
14 Apr 11:16:56 ntpd[12908]: nts_do_authenticated_ntp_sync: cookies left after consume: 7
14 Apr 11:16:56 ntpd[12908]: nts_do_authenticated_ntp_sync: returned cookies: 1
14 Apr 11:16:56 ntpd[12908]: nts_do_authenticated_ntp_sync: Cookie[0] 20 d1 f8 a0 50 f2 00 c6 ...
14 Apr 11:16:56 ntpd[12908]: nts_do_authenticated_ntp_sync: Cookie[1] 20 d1 f8 a0 8d 5e 32 4c ...
14 Apr 11:16:56 ntpd[12908]: nts_do_authenticated_ntp_sync: Cookie[2] 20 d1 f8 a0 6c 3d 95 ef ...
14 Apr 11:16:56 ntpd[12908]: nts_do_authenticated_ntp_sync: Cookie[3] 20 d1 f8 a0 0f ff b1 33 ...
14 Apr 11:16:56 ntpd[12908]: nts_do_authenticated_ntp_sync: Cookie[4] 20 d1 f8 a0 3e f5 e0 44 ...
14 Apr 11:16:56 ntpd[12908]: nts_do_authenticated_ntp_sync: Cookie[5] 20 d1 f8 a0 d8 62 1c fb ...
14 Apr 11:16:56 ntpd[12908]: nts_do_authenticated_ntp_sync: Cookie[6] 20 d1 f8 a0 1c 00 df f3 ...
14 Apr 11:16:56 ntpd[12908]: nts_do_authenticated_ntp_sync: Cookie[7] 20 d1 f8 a0 95 5d 49 d1 ...
14 Apr 11:16:56 ntpd[12908]: nts_update_cookies_in_session: refreshed cookies saved to: C:\Users\sebi\AppData\Local\Temp\NTSClient\lul2.nts.netnod.se.sqlite
14 Apr 11:16:56 ntpd[12908]: nts_do_authenticated_ntp_sync: T1 client send    = 1776154616.901565552
14 Apr 11:16:56 ntpd[12908]: nts_do_authenticated_ntp_sync: T2 server receive = 1776154617.097485304
14 Apr 11:16:56 ntpd[12908]: nts_do_authenticated_ntp_sync: T3 server xmit    = 1776154617.097489834
14 Apr 11:16:56 ntpd[12908]: nts_do_authenticated_ntp_sync: T4 client recv    = 1776154616.975990295
14 Apr 11:16:56 ntpd[12908]: nts_do_authenticated_ntp_sync: Offset (sec) = 0.158709645
14 Apr 11:16:56 ntpd[12908]: nts_do_authenticated_ntp_sync: Delay  (sec) = 0.074420214
14 Apr 11:16:56 ntpd[12908]: nts_do_authenticated_ntp_sync: Offset (ms)  = 158.709645
14 Apr 11:16:56 ntpd[12908]: nts_do_authenticated_ntp_sync: Delay  (ms)  = 74.420214
14 Apr 11:16:57 ntpd[12908]: NTS:peer_xmit---has NTS_FLAG
14 Apr 11:16:57 ntpd[12908]: nts_run_peer_sync: loaded cached NTS session from C:\Users\sebi\AppData\Local\Temp\NTSClient\mmo1.nts.netnod.se.sqlite
14 Apr 11:16:57 ntpd[12908]: nts_aead_seal: AEAD=15 key=32 aad=188 pt=0
14 Apr 11:16:57 ntpd[12908]: nts_aead_seal: success nonce=16 ciphertext=16
14 Apr 11:16:57 ntpd[12908]: nts_append_nts_authenticator_ef: nonceLen=16 ctLen=16 extraPadding=0
14 Apr 11:16:57 ntpd[12908]: nts_do_authenticated_ntp_sync: received UDP NTP response: 228 bytes
14 Apr 11:16:57 ntpd[12908]: nts_aead_open: AEAD=15 key=32 aad=84 nonce=16 ct=120
14 Apr 11:16:57 ntpd[12908]: nts_do_authenticated_ntp_sync: authenticated NTP response verified successfully
14 Apr 11:16:57 ntpd[12908]: nts_do_authenticated_ntp_sync: decrypted inner EF bytes: 104
14 Apr 11:16:57 ntpd[12908]: nts_do_authenticated_ntp_sync: cookies left after consume: 7
14 Apr 11:16:57 ntpd[12908]: nts_do_authenticated_ntp_sync: returned cookies: 1
14 Apr 11:16:57 ntpd[12908]: nts_do_authenticated_ntp_sync: Cookie[0] cd 30 d3 22 4a e2 ed c9 ...
14 Apr 11:16:57 ntpd[12908]: nts_do_authenticated_ntp_sync: Cookie[1] cd 30 d3 22 bf 56 cf a2 ...
14 Apr 11:16:57 ntpd[12908]: nts_do_authenticated_ntp_sync: Cookie[2] cd 30 d3 22 99 75 be 22 ...
14 Apr 11:16:57 ntpd[12908]: nts_do_authenticated_ntp_sync: Cookie[3] cd 30 d3 22 05 d7 85 23 ...
14 Apr 11:16:57 ntpd[12908]: nts_do_authenticated_ntp_sync: Cookie[4] cd 30 d3 22 71 3f 65 14 ...
14 Apr 11:16:57 ntpd[12908]: nts_do_authenticated_ntp_sync: Cookie[5] cd 30 d3 22 85 86 24 d0 ...
14 Apr 11:16:57 ntpd[12908]: nts_do_authenticated_ntp_sync: Cookie[6] cd 30 d3 22 a1 44 32 75 ...
14 Apr 11:16:57 ntpd[12908]: nts_do_authenticated_ntp_sync: Cookie[7] cd 30 d3 22 ac fd a5 ce ...
14 Apr 11:16:57 ntpd[12908]: nts_update_cookies_in_session: refreshed cookies saved to: C:\Users\sebi\AppData\Local\Temp\NTSClient\mmo1.nts.netnod.se.sqlite
14 Apr 11:16:57 ntpd[12908]: nts_do_authenticated_ntp_sync: T1 client send    = 1776154617.886367798
14 Apr 11:16:57 ntpd[12908]: nts_do_authenticated_ntp_sync: T2 server receive = 1776154618.081397295
14 Apr 11:16:57 ntpd[12908]: nts_do_authenticated_ntp_sync: T3 server xmit    = 1776154618.081401825
14 Apr 11:16:57 ntpd[12908]: nts_do_authenticated_ntp_sync: T4 client recv    = 1776154617.948709488
14 Apr 11:16:57 ntpd[12908]: nts_do_authenticated_ntp_sync: Offset (sec) = 0.163860917
14 Apr 11:16:57 ntpd[12908]: nts_do_authenticated_ntp_sync: Delay  (sec) = 0.062337160
14 Apr 11:16:57 ntpd[12908]: nts_do_authenticated_ntp_sync: Offset (ms)  = 163.860917
14 Apr 11:16:57 ntpd[12908]: nts_do_authenticated_ntp_sync: Delay  (ms)  = 62.337160
14 Apr 11:16:58 ntpd[12908]: NTS:peer_xmit---has NTS_FLAG
14 Apr 11:16:58 ntpd[12908]: nts_run_peer_sync: loaded cached NTS session from C:\Users\sebi\AppData\Local\Temp\NTSClient\mmo2.nts.netnod.se.sqlite
14 Apr 11:16:58 ntpd[12908]: nts_aead_seal: AEAD=15 key=32 aad=188 pt=0
14 Apr 11:16:58 ntpd[12908]: nts_aead_seal: success nonce=16 ciphertext=16
14 Apr 11:16:58 ntpd[12908]: nts_append_nts_authenticator_ef: nonceLen=16 ctLen=16 extraPadding=0
14 Apr 11:16:58 ntpd[12908]: nts_do_authenticated_ntp_sync: received UDP NTP response: 228 bytes
14 Apr 11:16:58 ntpd[12908]: nts_aead_open: AEAD=15 key=32 aad=84 nonce=16 ct=120
14 Apr 11:16:58 ntpd[12908]: nts_do_authenticated_ntp_sync: authenticated NTP response verified successfully
14 Apr 11:16:58 ntpd[12908]: nts_do_authenticated_ntp_sync: decrypted inner EF bytes: 104
14 Apr 11:16:58 ntpd[12908]: nts_do_authenticated_ntp_sync: cookies left after consume: 7
14 Apr 11:16:58 ntpd[12908]: nts_do_authenticated_ntp_sync: returned cookies: 1
14 Apr 11:16:58 ntpd[12908]: nts_do_authenticated_ntp_sync: Cookie[0] cd 30 d3 22 68 98 8e 79 ...
14 Apr 11:16:58 ntpd[12908]: nts_do_authenticated_ntp_sync: Cookie[1] cd 30 d3 22 99 20 a0 4c ...
14 Apr 11:16:58 ntpd[12908]: nts_do_authenticated_ntp_sync: Cookie[2] cd 30 d3 22 df b8 7b 90 ...
14 Apr 11:16:58 ntpd[12908]: nts_do_authenticated_ntp_sync: Cookie[3] cd 30 d3 22 d9 a9 66 b6 ...
14 Apr 11:16:58 ntpd[12908]: nts_do_authenticated_ntp_sync: Cookie[4] cd 30 d3 22 d1 2a 5b 89 ...
14 Apr 11:16:58 ntpd[12908]: nts_do_authenticated_ntp_sync: Cookie[5] cd 30 d3 22 ae eb da 9e ...
14 Apr 11:16:58 ntpd[12908]: nts_do_authenticated_ntp_sync: Cookie[6] cd 30 d3 22 b1 8f 10 b1 ...
14 Apr 11:16:58 ntpd[12908]: nts_do_authenticated_ntp_sync: Cookie[7] cd 30 d3 22 dd 67 80 92 ...
14 Apr 11:16:58 ntpd[12908]: nts_update_cookies_in_session: refreshed cookies saved to: C:\Users\sebi\AppData\Local\Temp\NTSClient\mmo2.nts.netnod.se.sqlite
14 Apr 11:16:58 ntpd[12908]: nts_do_authenticated_ntp_sync: T1 client send    = 1776154618.894605637
14 Apr 11:16:58 ntpd[12908]: nts_do_authenticated_ntp_sync: T2 server receive = 1776154619.090423107
14 Apr 11:16:58 ntpd[12908]: nts_do_authenticated_ntp_sync: T3 server xmit    = 1776154619.090427399
14 Apr 11:16:58 ntpd[12908]: nts_do_authenticated_ntp_sync: T4 client recv    = 1776154618.958137512
14 Apr 11:16:58 ntpd[12908]: nts_do_authenticated_ntp_sync: Offset (sec) = 0.164053679
14 Apr 11:16:58 ntpd[12908]: nts_do_authenticated_ntp_sync: Delay  (sec) = 0.063527584
14 Apr 11:16:58 ntpd[12908]: nts_do_authenticated_ntp_sync: Offset (ms)  = 164.053679
14 Apr 11:16:58 ntpd[12908]: nts_do_authenticated_ntp_sync: Delay  (ms)  = 63.527584
14 Apr 11:16:59 ntpd[12908]: NTS:peer_xmit---has NTS_FLAG
14 Apr 11:16:59 ntpd[12908]: nts_run_peer_sync: loaded cached NTS session from C:\Users\sebi\AppData\Local\Temp\NTSClient\sth1.nts.netnod.se.sqlite
14 Apr 11:16:59 ntpd[12908]: nts_aead_seal: AEAD=15 key=32 aad=188 pt=0
14 Apr 11:16:59 ntpd[12908]: nts_aead_seal: success nonce=16 ciphertext=16
14 Apr 11:16:59 ntpd[12908]: nts_append_nts_authenticator_ef: nonceLen=16 ctLen=16 extraPadding=0
14 Apr 11:16:59 ntpd[12908]: nts_do_authenticated_ntp_sync: received UDP NTP response: 228 bytes
14 Apr 11:16:59 ntpd[12908]: nts_aead_open: AEAD=15 key=32 aad=84 nonce=16 ct=120
14 Apr 11:16:59 ntpd[12908]: nts_do_authenticated_ntp_sync: authenticated NTP response verified successfully
14 Apr 11:16:59 ntpd[12908]: nts_do_authenticated_ntp_sync: decrypted inner EF bytes: 104
14 Apr 11:16:59 ntpd[12908]: nts_do_authenticated_ntp_sync: cookies left after consume: 7
14 Apr 11:16:59 ntpd[12908]: nts_do_authenticated_ntp_sync: returned cookies: 1
14 Apr 11:16:59 ntpd[12908]: nts_do_authenticated_ntp_sync: Cookie[0] f7 5e cf 63 a1 66 0f 46 ...
14 Apr 11:16:59 ntpd[12908]: nts_do_authenticated_ntp_sync: Cookie[1] f7 5e cf 63 84 54 58 5a ...
14 Apr 11:16:59 ntpd[12908]: nts_do_authenticated_ntp_sync: Cookie[2] f7 5e cf 63 33 7e da 0f ...
14 Apr 11:16:59 ntpd[12908]: nts_do_authenticated_ntp_sync: Cookie[3] f7 5e cf 63 e1 2b 2d e8 ...
14 Apr 11:16:59 ntpd[12908]: nts_do_authenticated_ntp_sync: Cookie[4] f7 5e cf 63 1e 7a f8 17 ...
14 Apr 11:16:59 ntpd[12908]: nts_do_authenticated_ntp_sync: Cookie[5] f7 5e cf 63 c8 d6 34 a3 ...
14 Apr 11:16:59 ntpd[12908]: nts_do_authenticated_ntp_sync: Cookie[6] f7 5e cf 63 38 e6 e3 0c ...
14 Apr 11:16:59 ntpd[12908]: nts_do_authenticated_ntp_sync: Cookie[7] f7 5e cf 63 81 e8 6b 7c ...
14 Apr 11:16:59 ntpd[12908]: nts_update_cookies_in_session: refreshed cookies saved to: C:\Users\sebi\AppData\Local\Temp\NTSClient\sth1.nts.netnod.se.sqlite
14 Apr 11:16:59 ntpd[12908]: nts_do_authenticated_ntp_sync: T1 client send    = 1776154619.877758026
14 Apr 11:16:59 ntpd[12908]: nts_do_authenticated_ntp_sync: T2 server receive = 1776154620.081427336
14 Apr 11:16:59 ntpd[12908]: nts_do_authenticated_ntp_sync: T3 server xmit    = 1776154620.081431627
14 Apr 11:16:59 ntpd[12908]: nts_do_authenticated_ntp_sync: T4 client recv    = 1776154619.944375992
14 Apr 11:16:59 ntpd[12908]: nts_do_authenticated_ntp_sync: Offset (sec) = 0.170362473
14 Apr 11:16:59 ntpd[12908]: nts_do_authenticated_ntp_sync: Delay  (sec) = 0.066613674
14 Apr 11:16:59 ntpd[12908]: nts_do_authenticated_ntp_sync: Offset (ms)  = 170.362473
14 Apr 11:16:59 ntpd[12908]: nts_do_authenticated_ntp_sync: Delay  (ms)  = 66.613674
14 Apr 11:17:00 ntpd[12908]: NTS:peer_xmit---has NTS_FLAG
14 Apr 11:17:00 ntpd[12908]: nts_run_peer_sync: loaded cached NTS session from C:\Users\sebi\AppData\Local\Temp\NTSClient\sth2.nts.netnod.se.sqlite
14 Apr 11:17:00 ntpd[12908]: nts_aead_seal: AEAD=15 key=32 aad=188 pt=0
14 Apr 11:17:00 ntpd[12908]: nts_aead_seal: success nonce=16 ciphertext=16
14 Apr 11:17:00 ntpd[12908]: nts_append_nts_authenticator_ef: nonceLen=16 ctLen=16 extraPadding=0
14 Apr 11:17:00 ntpd[12908]: nts_do_authenticated_ntp_sync: received UDP NTP response: 228 bytes
14 Apr 11:17:00 ntpd[12908]: nts_aead_open: AEAD=15 key=32 aad=84 nonce=16 ct=120
14 Apr 11:17:00 ntpd[12908]: nts_do_authenticated_ntp_sync: authenticated NTP response verified successfully
14 Apr 11:17:00 ntpd[12908]: nts_do_authenticated_ntp_sync: decrypted inner EF bytes: 104
14 Apr 11:17:00 ntpd[12908]: nts_do_authenticated_ntp_sync: cookies left after consume: 7
14 Apr 11:17:00 ntpd[12908]: nts_do_authenticated_ntp_sync: returned cookies: 1
14 Apr 11:17:00 ntpd[12908]: nts_do_authenticated_ntp_sync: Cookie[0] 90 0c af a8 2e 2a f0 20 ...
14 Apr 11:17:00 ntpd[12908]: nts_do_authenticated_ntp_sync: Cookie[1] 90 0c af a8 63 54 07 8b ...
14 Apr 11:17:00 ntpd[12908]: nts_do_authenticated_ntp_sync: Cookie[2] 90 0c af a8 74 f5 35 b4 ...
14 Apr 11:17:00 ntpd[12908]: nts_do_authenticated_ntp_sync: Cookie[3] 90 0c af a8 5a ac 5e 66 ...
14 Apr 11:17:00 ntpd[12908]: nts_do_authenticated_ntp_sync: Cookie[4] f7 5e cf 63 9a dd bf 29 ...
14 Apr 11:17:00 ntpd[12908]: nts_do_authenticated_ntp_sync: Cookie[5] f7 5e cf 63 db 23 65 1e ...
14 Apr 11:17:00 ntpd[12908]: nts_do_authenticated_ntp_sync: Cookie[6] f7 5e cf 63 42 45 12 2f ...
14 Apr 11:17:00 ntpd[12908]: nts_do_authenticated_ntp_sync: Cookie[7] f7 5e cf 63 1a ce e0 6b ...
14 Apr 11:17:00 ntpd[12908]: nts_update_cookies_in_session: refreshed cookies saved to: C:\Users\sebi\AppData\Local\Temp\NTSClient\sth2.nts.netnod.se.sqlite
14 Apr 11:17:00 ntpd[12908]: nts_do_authenticated_ntp_sync: T1 client send    = 1776154620.905223846
14 Apr 11:17:00 ntpd[12908]: nts_do_authenticated_ntp_sync: T2 server receive = 1776154621.108464479
14 Apr 11:17:00 ntpd[12908]: nts_do_authenticated_ntp_sync: T3 server xmit    = 1776154621.108469009
14 Apr 11:17:00 ntpd[12908]: nts_do_authenticated_ntp_sync: T4 client recv    = 1776154620.971107483
14 Apr 11:17:00 ntpd[12908]: nts_do_authenticated_ntp_sync: Offset (sec) = 0.170301080
14 Apr 11:17:00 ntpd[12908]: nts_do_authenticated_ntp_sync: Delay  (sec) = 0.065879107
14 Apr 11:17:00 ntpd[12908]: nts_do_authenticated_ntp_sync: Offset (ms)  = 170.301080
14 Apr 11:17:00 ntpd[12908]: nts_do_authenticated_ntp_sync: Delay  (ms)  = 65.879107
14 Apr 11:17:56 ntpd[12908]: NTS:peer_xmit---has NTS_FLAG
14 Apr 11:17:56 ntpd[12908]: nts_run_peer_sync: loaded cached NTS session from C:\Users\sebi\AppData\Local\Temp\NTSClient\1.ntp.ubuntu.com.sqlite
14 Apr 11:17:56 ntpd[12908]: nts_aead_seal: AEAD=15 key=32 aad=184 pt=0
14 Apr 11:17:56 ntpd[12908]: nts_aead_seal: success nonce=16 ciphertext=16
14 Apr 11:17:56 ntpd[12908]: nts_append_nts_authenticator_ef: nonceLen=16 ctLen=16 extraPadding=0
14 Apr 11:17:56 ntpd[12908]: nts_do_authenticated_ntp_sync: received UDP NTP response: 224 bytes
14 Apr 11:17:56 ntpd[12908]: nts_aead_open: AEAD=15 key=32 aad=84 nonce=16 ct=116
14 Apr 11:17:56 ntpd[12908]: nts_do_authenticated_ntp_sync: authenticated NTP response verified successfully
14 Apr 11:17:56 ntpd[12908]: nts_do_authenticated_ntp_sync: decrypted inner EF bytes: 100
14 Apr 11:17:56 ntpd[12908]: nts_do_authenticated_ntp_sync: cookies left after consume: 7
14 Apr 11:17:56 ntpd[12908]: nts_do_authenticated_ntp_sync: returned cookies: 1
14 Apr 11:17:56 ntpd[12908]: nts_do_authenticated_ntp_sync: Cookie[0] 47 d6 d0 67 af 81 e7 b3 ...
14 Apr 11:17:56 ntpd[12908]: nts_do_authenticated_ntp_sync: Cookie[1] 47 d6 d0 67 9f cb a4 75 ...
14 Apr 11:17:56 ntpd[12908]: nts_do_authenticated_ntp_sync: Cookie[2] 47 d6 d0 67 03 82 b5 c8 ...
14 Apr 11:17:56 ntpd[12908]: nts_do_authenticated_ntp_sync: Cookie[3] 47 d6 d0 67 f8 3f 5b 4f ...
14 Apr 11:17:56 ntpd[12908]: nts_do_authenticated_ntp_sync: Cookie[4] 47 d6 d0 67 68 24 c0 32 ...
14 Apr 11:17:56 ntpd[12908]: nts_do_authenticated_ntp_sync: Cookie[5] 47 d6 d0 67 76 dd ff 79 ...
14 Apr 11:17:56 ntpd[12908]: nts_do_authenticated_ntp_sync: Cookie[6] 47 d6 d0 67 35 3e a2 bb ...
14 Apr 11:17:56 ntpd[12908]: nts_do_authenticated_ntp_sync: Cookie[7] 47 d6 d0 67 87 38 40 3e ...
14 Apr 11:17:56 ntpd[12908]: nts_update_cookies_in_session: refreshed cookies saved to: C:\Users\sebi\AppData\Local\Temp\NTSClient\1.ntp.ubuntu.com.sqlite
14 Apr 11:17:56 ntpd[12908]: nts_do_authenticated_ntp_sync: T1 client send    = 1776154676.899833679
14 Apr 11:17:56 ntpd[12908]: nts_do_authenticated_ntp_sync: T2 server receive = 1776154677.094732761
14 Apr 11:17:56 ntpd[12908]: nts_do_authenticated_ntp_sync: T3 server xmit    = 1776154677.094797611
14 Apr 11:17:56 ntpd[12908]: nts_do_authenticated_ntp_sync: T4 client recv    = 1776154676.953714371
14 Apr 11:17:56 ntpd[12908]: nts_do_authenticated_ntp_sync: Offset (sec) = 0.167991161
14 Apr 11:17:56 ntpd[12908]: nts_do_authenticated_ntp_sync: Delay  (sec) = 0.053815842
14 Apr 11:17:56 ntpd[12908]: nts_do_authenticated_ntp_sync: Offset (ms)  = 167.991161
14 Apr 11:17:56 ntpd[12908]: nts_do_authenticated_ntp_sync: Delay  (ms)  = 53.815842
14 Apr 11:17:57 ntpd[12908]: NTS:peer_xmit---has NTS_FLAG
14 Apr 11:17:57 ntpd[12908]: nts_run_peer_sync: loaded cached NTS session from C:\Users\sebi\AppData\Local\Temp\NTSClient\2.ntp.ubuntu.com.sqlite
14 Apr 11:17:57 ntpd[12908]: nts_aead_seal: AEAD=15 key=32 aad=184 pt=0
14 Apr 11:17:57 ntpd[12908]: nts_aead_seal: success nonce=16 ciphertext=16
14 Apr 11:17:57 ntpd[12908]: nts_append_nts_authenticator_ef: nonceLen=16 ctLen=16 extraPadding=0
14 Apr 11:17:57 ntpd[12908]: nts_do_authenticated_ntp_sync: received UDP NTP response: 224 bytes
14 Apr 11:17:57 ntpd[12908]: nts_aead_open: AEAD=15 key=32 aad=84 nonce=16 ct=116
14 Apr 11:17:57 ntpd[12908]: nts_do_authenticated_ntp_sync: authenticated NTP response verified successfully
14 Apr 11:17:57 ntpd[12908]: nts_do_authenticated_ntp_sync: decrypted inner EF bytes: 100
14 Apr 11:17:57 ntpd[12908]: nts_do_authenticated_ntp_sync: cookies left after consume: 7
14 Apr 11:17:57 ntpd[12908]: nts_do_authenticated_ntp_sync: returned cookies: 1
14 Apr 11:17:57 ntpd[12908]: nts_do_authenticated_ntp_sync: Cookie[0] 38 53 3b 4b 07 70 08 be ...
14 Apr 11:17:57 ntpd[12908]: nts_do_authenticated_ntp_sync: Cookie[1] 38 53 3b 4b e0 f6 1f 19 ...
14 Apr 11:17:57 ntpd[12908]: nts_do_authenticated_ntp_sync: Cookie[2] 38 53 3b 4b 40 6e e7 23 ...
14 Apr 11:17:57 ntpd[12908]: nts_do_authenticated_ntp_sync: Cookie[3] 38 53 3b 4b e2 4e c9 38 ...
14 Apr 11:17:57 ntpd[12908]: nts_do_authenticated_ntp_sync: Cookie[4] 38 53 3b 4b 13 c4 8b 3f ...
14 Apr 11:17:57 ntpd[12908]: nts_do_authenticated_ntp_sync: Cookie[5] 38 53 3b 4b 80 c5 3e 66 ...
14 Apr 11:17:57 ntpd[12908]: nts_do_authenticated_ntp_sync: Cookie[6] 38 53 3b 4b f0 f3 65 d1 ...
14 Apr 11:17:57 ntpd[12908]: nts_do_authenticated_ntp_sync: Cookie[7] 38 53 3b 4b 2f f3 b1 93 ...
14 Apr 11:17:57 ntpd[12908]: nts_update_cookies_in_session: refreshed cookies saved to: C:\Users\sebi\AppData\Local\Temp\NTSClient\2.ntp.ubuntu.com.sqlite
14 Apr 11:17:57 ntpd[12908]: nts_do_authenticated_ntp_sync: T1 client send    = 1776154677.891662598
14 Apr 11:17:57 ntpd[12908]: nts_do_authenticated_ntp_sync: T2 server receive = 1776154678.084686756
14 Apr 11:17:57 ntpd[12908]: nts_do_authenticated_ntp_sync: T3 server xmit    = 1776154678.084796667
14 Apr 11:17:57 ntpd[12908]: nts_do_authenticated_ntp_sync: T4 client recv    = 1776154677.945056915
14 Apr 11:17:57 ntpd[12908]: nts_do_authenticated_ntp_sync: Offset (sec) = 0.166381955
14 Apr 11:17:57 ntpd[12908]: nts_do_authenticated_ntp_sync: Delay  (sec) = 0.053284407
14 Apr 11:17:57 ntpd[12908]: nts_do_authenticated_ntp_sync: Offset (ms)  = 166.381955
14 Apr 11:17:57 ntpd[12908]: nts_do_authenticated_ntp_sync: Delay  (ms)  = 53.284407
14 Apr 11:18:00 ntpd[12908]: NTS:peer_xmit---has NTS_FLAG
14 Apr 11:18:00 ntpd[12908]: nts_run_peer_sync: loaded cached NTS session from C:\Users\sebi\AppData\Local\Temp\NTSClient\lul1.nts.netnod.se.sqlite
14 Apr 11:18:00 ntpd[12908]: nts_aead_seal: AEAD=15 key=32 aad=188 pt=0
14 Apr 11:18:00 ntpd[12908]: nts_aead_seal: success nonce=16 ciphertext=16
14 Apr 11:18:00 ntpd[12908]: nts_append_nts_authenticator_ef: nonceLen=16 ctLen=16 extraPadding=0
14 Apr 11:18:00 ntpd[12908]: nts_do_authenticated_ntp_sync: received UDP NTP response: 228 bytes
14 Apr 11:18:00 ntpd[12908]: nts_aead_open: AEAD=15 key=32 aad=84 nonce=16 ct=120
14 Apr 11:18:00 ntpd[12908]: nts_do_authenticated_ntp_sync: authenticated NTP response verified successfully
14 Apr 11:18:00 ntpd[12908]: nts_do_authenticated_ntp_sync: decrypted inner EF bytes: 104
14 Apr 11:18:00 ntpd[12908]: nts_do_authenticated_ntp_sync: cookies left after consume: 7
14 Apr 11:18:00 ntpd[12908]: nts_do_authenticated_ntp_sync: returned cookies: 1
14 Apr 11:18:00 ntpd[12908]: nts_do_authenticated_ntp_sync: Cookie[0] 20 d1 f8 a0 5e 8b 78 dd ...
14 Apr 11:18:00 ntpd[12908]: nts_do_authenticated_ntp_sync: Cookie[1] 20 d1 f8 a0 1d 4e 36 4d ...
14 Apr 11:18:00 ntpd[12908]: nts_do_authenticated_ntp_sync: Cookie[2] 20 d1 f8 a0 3b 62 b6 f6 ...
14 Apr 11:18:00 ntpd[12908]: nts_do_authenticated_ntp_sync: Cookie[3] 20 d1 f8 a0 63 b1 43 64 ...
14 Apr 11:18:00 ntpd[12908]: nts_do_authenticated_ntp_sync: Cookie[4] 20 d1 f8 a0 5d f9 f0 2b ...
14 Apr 11:18:00 ntpd[12908]: nts_do_authenticated_ntp_sync: Cookie[5] 20 d1 f8 a0 88 c4 6b 8e ...
14 Apr 11:18:00 ntpd[12908]: nts_do_authenticated_ntp_sync: Cookie[6] 20 d1 f8 a0 f3 c0 0e 93 ...
14 Apr 11:18:00 ntpd[12908]: nts_do_authenticated_ntp_sync: Cookie[7] 20 d1 f8 a0 6f 96 21 8d ...
14 Apr 11:18:00 ntpd[12908]: nts_update_cookies_in_session: refreshed cookies saved to: C:\Users\sebi\AppData\Local\Temp\NTSClient\lul1.nts.netnod.se.sqlite
14 Apr 11:18:00 ntpd[12908]: nts_do_authenticated_ntp_sync: T1 client send    = 1776154680.878572464
14 Apr 11:18:00 ntpd[12908]: nts_do_authenticated_ntp_sync: T2 server receive = 1776154681.083886862
14 Apr 11:18:00 ntpd[12908]: nts_do_authenticated_ntp_sync: T3 server xmit    = 1776154681.083891392
14 Apr 11:18:00 ntpd[12908]: nts_do_authenticated_ntp_sync: T4 client recv    = 1776154680.962472916
14 Apr 11:18:00 ntpd[12908]: nts_do_authenticated_ntp_sync: Offset (sec) = 0.163366437
14 Apr 11:18:00 ntpd[12908]: nts_do_authenticated_ntp_sync: Delay  (sec) = 0.083895922
14 Apr 11:18:00 ntpd[12908]: nts_do_authenticated_ntp_sync: Offset (ms)  = 163.366437
14 Apr 11:18:00 ntpd[12908]: nts_do_authenticated_ntp_sync: Delay  (ms)  = 83.895922
14 Apr 11:18:00 ntpd[12908]: NTS:peer_xmit---has NTS_FLAG
14 Apr 11:18:00 ntpd[12908]: nts_run_peer_sync: loaded cached NTS session from C:\Users\sebi\AppData\Local\Temp\NTSClient\4.ntp.ubuntu.com.sqlite
14 Apr 11:18:00 ntpd[12908]: nts_aead_seal: AEAD=15 key=32 aad=184 pt=0
14 Apr 11:18:00 ntpd[12908]: nts_aead_seal: success nonce=16 ciphertext=16
14 Apr 11:18:00 ntpd[12908]: nts_append_nts_authenticator_ef: nonceLen=16 ctLen=16 extraPadding=0
14 Apr 11:18:01 ntpd[12908]: nts_do_authenticated_ntp_sync: received UDP NTP response: 224 bytes
14 Apr 11:18:01 ntpd[12908]: nts_aead_open: AEAD=15 key=32 aad=84 nonce=16 ct=116
14 Apr 11:18:01 ntpd[12908]: nts_do_authenticated_ntp_sync: authenticated NTP response verified successfully
14 Apr 11:18:01 ntpd[12908]: nts_do_authenticated_ntp_sync: decrypted inner EF bytes: 100
14 Apr 11:18:01 ntpd[12908]: nts_do_authenticated_ntp_sync: cookies left after consume: 7
14 Apr 11:18:01 ntpd[12908]: nts_do_authenticated_ntp_sync: returned cookies: 1
14 Apr 11:18:01 ntpd[12908]: nts_do_authenticated_ntp_sync: Cookie[0] 10 f2 9c 61 f6 51 ab ea ...
14 Apr 11:18:01 ntpd[12908]: nts_do_authenticated_ntp_sync: Cookie[1] 10 f2 9c 61 6f 6a 57 ec ...
14 Apr 11:18:01 ntpd[12908]: nts_do_authenticated_ntp_sync: Cookie[2] 10 f2 9c 61 a0 bb 3e f7 ...
14 Apr 11:18:01 ntpd[12908]: nts_do_authenticated_ntp_sync: Cookie[3] 10 f2 9c 61 93 d5 d8 c3 ...
14 Apr 11:18:01 ntpd[12908]: nts_do_authenticated_ntp_sync: Cookie[4] 10 f2 9c 61 a1 e7 7a ef ...
14 Apr 11:18:01 ntpd[12908]: nts_do_authenticated_ntp_sync: Cookie[5] 10 f2 9c 61 f0 42 94 92 ...
14 Apr 11:18:01 ntpd[12908]: nts_do_authenticated_ntp_sync: Cookie[6] 10 f2 9c 61 a0 36 43 07 ...
14 Apr 11:18:01 ntpd[12908]: nts_do_authenticated_ntp_sync: Cookie[7] 10 f2 9c 61 63 e8 3a 89 ...
14 Apr 11:18:01 ntpd[12908]: nts_update_cookies_in_session: refreshed cookies saved to: C:\Users\sebi\AppData\Local\Temp\NTSClient\4.ntp.ubuntu.com.sqlite
14 Apr 11:18:01 ntpd[12908]: nts_do_authenticated_ntp_sync: T1 client send    = 1776154680.995357513
14 Apr 11:18:01 ntpd[12908]: nts_do_authenticated_ntp_sync: T2 server receive = 1776154681.221794128
14 Apr 11:18:01 ntpd[12908]: nts_do_authenticated_ntp_sync: T3 server xmit    = 1776154681.221851349
14 Apr 11:18:01 ntpd[12908]: nts_do_authenticated_ntp_sync: T4 client recv    = 1776154681.115743637
14 Apr 11:18:01 ntpd[12908]: nts_do_authenticated_ntp_sync: Offset (sec) = 0.166272163
14 Apr 11:18:01 ntpd[12908]: nts_do_authenticated_ntp_sync: Delay  (sec) = 0.120328903
14 Apr 11:18:01 ntpd[12908]: nts_do_authenticated_ntp_sync: Offset (ms)  = 166.272163
14 Apr 11:18:01 ntpd[12908]: nts_do_authenticated_ntp_sync: Delay  (ms)  = 120.328903
14 Apr 11:18:01 ntpd[12908]: NTS:peer_xmit---has NTS_FLAG
14 Apr 11:18:01 ntpd[12908]: nts_run_peer_sync: loaded cached NTS session from C:\Users\sebi\AppData\Local\Temp\NTSClient\3.ntp.ubuntu.com.sqlite
14 Apr 11:18:01 ntpd[12908]: nts_aead_seal: AEAD=15 key=32 aad=184 pt=0
14 Apr 11:18:01 ntpd[12908]: nts_aead_seal: success nonce=16 ciphertext=16
14 Apr 11:18:01 ntpd[12908]: nts_append_nts_authenticator_ef: nonceLen=16 ctLen=16 extraPadding=0
14 Apr 11:18:01 ntpd[12908]: nts_do_authenticated_ntp_sync: received UDP NTP response: 224 bytes
14 Apr 11:18:01 ntpd[12908]: nts_aead_open: AEAD=15 key=32 aad=84 nonce=16 ct=116
14 Apr 11:18:01 ntpd[12908]: nts_do_authenticated_ntp_sync: authenticated NTP response verified successfully
14 Apr 11:18:01 ntpd[12908]: nts_do_authenticated_ntp_sync: decrypted inner EF bytes: 100
14 Apr 11:18:01 ntpd[12908]: nts_do_authenticated_ntp_sync: cookies left after consume: 7
14 Apr 11:18:01 ntpd[12908]: nts_do_authenticated_ntp_sync: returned cookies: 1
14 Apr 11:18:01 ntpd[12908]: nts_do_authenticated_ntp_sync: Cookie[0] 7c 00 6f ec 3e b7 f6 40 ...
14 Apr 11:18:01 ntpd[12908]: nts_do_authenticated_ntp_sync: Cookie[1] 7c 00 6f ec e4 03 d9 24 ...
14 Apr 11:18:01 ntpd[12908]: nts_do_authenticated_ntp_sync: Cookie[2] 7c 00 6f ec d1 b9 ec 1b ...
14 Apr 11:18:01 ntpd[12908]: nts_do_authenticated_ntp_sync: Cookie[3] 7c 00 6f ec fa 0b 10 21 ...
14 Apr 11:18:01 ntpd[12908]: nts_do_authenticated_ntp_sync: Cookie[4] 7c 00 6f ec 94 b6 65 dc ...
14 Apr 11:18:01 ntpd[12908]: nts_do_authenticated_ntp_sync: Cookie[5] 7c 00 6f ec c6 a0 c9 9a ...
14 Apr 11:18:01 ntpd[12908]: nts_do_authenticated_ntp_sync: Cookie[6] 7c 00 6f ec 7c 3d 31 40 ...
14 Apr 11:18:01 ntpd[12908]: nts_do_authenticated_ntp_sync: Cookie[7] 7c 00 6f ec cc 07 ab db ...
14 Apr 11:18:01 ntpd[12908]: nts_update_cookies_in_session: refreshed cookies saved to: C:\Users\sebi\AppData\Local\Temp\NTSClient\3.ntp.ubuntu.com.sqlite
14 Apr 11:18:01 ntpd[12908]: nts_do_authenticated_ntp_sync: T1 client send    = 1776154681.156490326
14 Apr 11:18:01 ntpd[12908]: nts_do_authenticated_ntp_sync: T2 server receive = 1776154681.393117666
14 Apr 11:18:01 ntpd[12908]: nts_do_authenticated_ntp_sync: T3 server xmit    = 1776154681.393185616
14 Apr 11:18:01 ntpd[12908]: nts_do_authenticated_ntp_sync: T4 client recv    = 1776154681.287437439
14 Apr 11:18:01 ntpd[12908]: nts_do_authenticated_ntp_sync: Offset (sec) = 0.171187758
14 Apr 11:18:01 ntpd[12908]: nts_do_authenticated_ntp_sync: Delay  (sec) = 0.130879164
14 Apr 11:18:01 ntpd[12908]: nts_do_authenticated_ntp_sync: Offset (ms)  = 171.187758
14 Apr 11:18:01 ntpd[12908]: nts_do_authenticated_ntp_sync: Delay  (ms)  = 130.879164
14 Apr 11:18:02 ntpd[12908]: NTS:peer_xmit---has NTS_FLAG
14 Apr 11:18:02 ntpd[12908]: nts_run_peer_sync: loaded cached NTS session from C:\Users\sebi\AppData\Local\Temp\NTSClient\mmo2.nts.netnod.se.sqlite
14 Apr 11:18:02 ntpd[12908]: nts_aead_seal: AEAD=15 key=32 aad=188 pt=0
14 Apr 11:18:02 ntpd[12908]: nts_aead_seal: success nonce=16 ciphertext=16
14 Apr 11:18:02 ntpd[12908]: nts_append_nts_authenticator_ef: nonceLen=16 ctLen=16 extraPadding=0
14 Apr 11:18:02 ntpd[12908]: nts_do_authenticated_ntp_sync: received UDP NTP response: 228 bytes
14 Apr 11:18:02 ntpd[12908]: nts_aead_open: AEAD=15 key=32 aad=84 nonce=16 ct=120
14 Apr 11:18:02 ntpd[12908]: nts_do_authenticated_ntp_sync: authenticated NTP response verified successfully
14 Apr 11:18:02 ntpd[12908]: nts_do_authenticated_ntp_sync: decrypted inner EF bytes: 104
14 Apr 11:18:02 ntpd[12908]: nts_do_authenticated_ntp_sync: cookies left after consume: 7
14 Apr 11:18:02 ntpd[12908]: nts_do_authenticated_ntp_sync: returned cookies: 1
14 Apr 11:18:02 ntpd[12908]: nts_do_authenticated_ntp_sync: Cookie[0] cd 30 d3 22 99 20 a0 4c ...
14 Apr 11:18:02 ntpd[12908]: nts_do_authenticated_ntp_sync: Cookie[1] cd 30 d3 22 df b8 7b 90 ...
14 Apr 11:18:02 ntpd[12908]: nts_do_authenticated_ntp_sync: Cookie[2] cd 30 d3 22 d9 a9 66 b6 ...
14 Apr 11:18:02 ntpd[12908]: nts_do_authenticated_ntp_sync: Cookie[3] cd 30 d3 22 d1 2a 5b 89 ...
14 Apr 11:18:02 ntpd[12908]: nts_do_authenticated_ntp_sync: Cookie[4] cd 30 d3 22 ae eb da 9e ...
14 Apr 11:18:02 ntpd[12908]: nts_do_authenticated_ntp_sync: Cookie[5] cd 30 d3 22 b1 8f 10 b1 ...
14 Apr 11:18:02 ntpd[12908]: nts_do_authenticated_ntp_sync: Cookie[6] cd 30 d3 22 dd 67 80 92 ...
14 Apr 11:18:02 ntpd[12908]: nts_do_authenticated_ntp_sync: Cookie[7] cd 30 d3 22 af 98 7e 68 ...
14 Apr 11:18:02 ntpd[12908]: nts_update_cookies_in_session: refreshed cookies saved to: C:\Users\sebi\AppData\Local\Temp\NTSClient\mmo2.nts.netnod.se.sqlite
14 Apr 11:18:02 ntpd[12908]: nts_do_authenticated_ntp_sync: T1 client send    = 1776154682.890682220
14 Apr 11:18:02 ntpd[12908]: nts_do_authenticated_ntp_sync: T2 server receive = 1776154683.086990595
14 Apr 11:18:02 ntpd[12908]: nts_do_authenticated_ntp_sync: T3 server xmit    = 1776154683.086995125
14 Apr 11:18:02 ntpd[12908]: nts_do_authenticated_ntp_sync: T4 client recv    = 1776154682.953723907
14 Apr 11:18:02 ntpd[12908]: nts_do_authenticated_ntp_sync: Offset (sec) = 0.164789796
14 Apr 11:18:02 ntpd[12908]: nts_do_authenticated_ntp_sync: Delay  (sec) = 0.063037157
14 Apr 11:18:02 ntpd[12908]: nts_do_authenticated_ntp_sync: Offset (ms)  = 164.789796
14 Apr 11:18:02 ntpd[12908]: nts_do_authenticated_ntp_sync: Delay  (ms)  = 63.037157
14 Apr 11:18:02 ntpd[12908]: NTS:peer_xmit---has NTS_FLAG
14 Apr 11:18:02 ntpd[12908]: nts_run_peer_sync: loaded cached NTS session from C:\Users\sebi\AppData\Local\Temp\NTSClient\lul2.nts.netnod.se.sqlite
14 Apr 11:18:02 ntpd[12908]: nts_aead_seal: AEAD=15 key=32 aad=188 pt=0
14 Apr 11:18:02 ntpd[12908]: nts_aead_seal: success nonce=16 ciphertext=16
14 Apr 11:18:02 ntpd[12908]: nts_append_nts_authenticator_ef: nonceLen=16 ctLen=16 extraPadding=0
14 Apr 11:18:03 ntpd[12908]: nts_do_authenticated_ntp_sync: received UDP NTP response: 228 bytes
14 Apr 11:18:03 ntpd[12908]: nts_aead_open: AEAD=15 key=32 aad=84 nonce=16 ct=120
14 Apr 11:18:03 ntpd[12908]: nts_do_authenticated_ntp_sync: authenticated NTP response verified successfully
14 Apr 11:18:03 ntpd[12908]: nts_do_authenticated_ntp_sync: decrypted inner EF bytes: 104
14 Apr 11:18:03 ntpd[12908]: nts_do_authenticated_ntp_sync: cookies left after consume: 7
14 Apr 11:18:03 ntpd[12908]: nts_do_authenticated_ntp_sync: returned cookies: 1
14 Apr 11:18:03 ntpd[12908]: nts_do_authenticated_ntp_sync: Cookie[0] 20 d1 f8 a0 8d 5e 32 4c ...
14 Apr 11:18:03 ntpd[12908]: nts_do_authenticated_ntp_sync: Cookie[1] 20 d1 f8 a0 6c 3d 95 ef ...
14 Apr 11:18:03 ntpd[12908]: nts_do_authenticated_ntp_sync: Cookie[2] 20 d1 f8 a0 0f ff b1 33 ...
14 Apr 11:18:03 ntpd[12908]: nts_do_authenticated_ntp_sync: Cookie[3] 20 d1 f8 a0 3e f5 e0 44 ...
14 Apr 11:18:03 ntpd[12908]: nts_do_authenticated_ntp_sync: Cookie[4] 20 d1 f8 a0 d8 62 1c fb ...
14 Apr 11:18:03 ntpd[12908]: nts_do_authenticated_ntp_sync: Cookie[5] 20 d1 f8 a0 1c 00 df f3 ...
14 Apr 11:18:03 ntpd[12908]: nts_do_authenticated_ntp_sync: Cookie[6] 20 d1 f8 a0 95 5d 49 d1 ...
14 Apr 11:18:03 ntpd[12908]: nts_do_authenticated_ntp_sync: Cookie[7] 20 d1 f8 a0 75 a7 a3 76 ...
14 Apr 11:18:03 ntpd[12908]: nts_update_cookies_in_session: refreshed cookies saved to: C:\Users\sebi\AppData\Local\Temp\NTSClient\lul2.nts.netnod.se.sqlite
14 Apr 11:18:03 ntpd[12908]: nts_do_authenticated_ntp_sync: T1 client send    = 1776154682.979291916
14 Apr 11:18:03 ntpd[12908]: nts_do_authenticated_ntp_sync: T2 server receive = 1776154683.174714327
14 Apr 11:18:03 ntpd[12908]: nts_do_authenticated_ntp_sync: T3 server xmit    = 1776154683.174718857
14 Apr 11:18:03 ntpd[12908]: nts_do_authenticated_ntp_sync: T4 client recv    = 1776154683.053215027
14 Apr 11:18:03 ntpd[12908]: nts_do_authenticated_ntp_sync: Offset (sec) = 0.158463120
14 Apr 11:18:03 ntpd[12908]: nts_do_authenticated_ntp_sync: Delay  (sec) = 0.073918581
14 Apr 11:18:03 ntpd[12908]: nts_do_authenticated_ntp_sync: Offset (ms)  = 158.463120
14 Apr 11:18:03 ntpd[12908]: nts_do_authenticated_ntp_sync: Delay  (ms)  = 73.918581
14 Apr 11:18:04 ntpd[12908]: NTS:peer_xmit---has NTS_FLAG
14 Apr 11:18:04 ntpd[12908]: nts_run_peer_sync: loaded cached NTS session from C:\Users\sebi\AppData\Local\Temp\NTSClient\mmo1.nts.netnod.se.sqlite
14 Apr 11:18:04 ntpd[12908]: nts_aead_seal: AEAD=15 key=32 aad=188 pt=0
14 Apr 11:18:04 ntpd[12908]: nts_aead_seal: success nonce=16 ciphertext=16
14 Apr 11:18:04 ntpd[12908]: nts_append_nts_authenticator_ef: nonceLen=16 ctLen=16 extraPadding=0
14 Apr 11:18:04 ntpd[12908]: nts_do_authenticated_ntp_sync: received UDP NTP response: 228 bytes
14 Apr 11:18:04 ntpd[12908]: nts_aead_open: AEAD=15 key=32 aad=84 nonce=16 ct=120
14 Apr 11:18:04 ntpd[12908]: nts_do_authenticated_ntp_sync: authenticated NTP response verified successfully
14 Apr 11:18:04 ntpd[12908]: nts_do_authenticated_ntp_sync: decrypted inner EF bytes: 104
14 Apr 11:18:04 ntpd[12908]: nts_do_authenticated_ntp_sync: cookies left after consume: 7
14 Apr 11:18:04 ntpd[12908]: nts_do_authenticated_ntp_sync: returned cookies: 1
14 Apr 11:18:04 ntpd[12908]: nts_do_authenticated_ntp_sync: Cookie[0] cd 30 d3 22 bf 56 cf a2 ...
14 Apr 11:18:04 ntpd[12908]: nts_do_authenticated_ntp_sync: Cookie[1] cd 30 d3 22 99 75 be 22 ...
14 Apr 11:18:04 ntpd[12908]: nts_do_authenticated_ntp_sync: Cookie[2] cd 30 d3 22 05 d7 85 23 ...
14 Apr 11:18:04 ntpd[12908]: nts_do_authenticated_ntp_sync: Cookie[3] cd 30 d3 22 71 3f 65 14 ...
14 Apr 11:18:04 ntpd[12908]: nts_do_authenticated_ntp_sync: Cookie[4] cd 30 d3 22 85 86 24 d0 ...
14 Apr 11:18:04 ntpd[12908]: nts_do_authenticated_ntp_sync: Cookie[5] cd 30 d3 22 a1 44 32 75 ...
14 Apr 11:18:04 ntpd[12908]: nts_do_authenticated_ntp_sync: Cookie[6] cd 30 d3 22 ac fd a5 ce ...
14 Apr 11:18:04 ntpd[12908]: nts_do_authenticated_ntp_sync: Cookie[7] cd 30 d3 22 d8 88 b5 f6 ...
14 Apr 11:18:04 ntpd[12908]: nts_update_cookies_in_session: refreshed cookies saved to: C:\Users\sebi\AppData\Local\Temp\NTSClient\mmo1.nts.netnod.se.sqlite
14 Apr 11:18:04 ntpd[12908]: nts_do_authenticated_ntp_sync: T1 client send    = 1776154684.881010056
14 Apr 11:18:04 ntpd[12908]: nts_do_authenticated_ntp_sync: T2 server receive = 1776154685.077959776
14 Apr 11:18:04 ntpd[12908]: nts_do_authenticated_ntp_sync: T3 server xmit    = 1776154685.077964306
14 Apr 11:18:04 ntpd[12908]: nts_do_authenticated_ntp_sync: T4 client recv    = 1776154684.944507599
14 Apr 11:18:04 ntpd[12908]: nts_do_authenticated_ntp_sync: Offset (sec) = 0.165203214
14 Apr 11:18:04 ntpd[12908]: nts_do_authenticated_ntp_sync: Delay  (sec) = 0.063493013
14 Apr 11:18:04 ntpd[12908]: nts_do_authenticated_ntp_sync: Offset (ms)  = 165.203214
14 Apr 11:18:04 ntpd[12908]: nts_do_authenticated_ntp_sync: Delay  (ms)  = 63.493013
14 Apr 11:18:05 ntpd[12908]: NTS:peer_xmit---has NTS_FLAG
14 Apr 11:18:05 ntpd[12908]: nts_run_peer_sync: loaded cached NTS session from C:\Users\sebi\AppData\Local\Temp\NTSClient\sth1.nts.netnod.se.sqlite
14 Apr 11:18:05 ntpd[12908]: nts_aead_seal: AEAD=15 key=32 aad=188 pt=0
14 Apr 11:18:05 ntpd[12908]: nts_aead_seal: success nonce=16 ciphertext=16
14 Apr 11:18:05 ntpd[12908]: nts_append_nts_authenticator_ef: nonceLen=16 ctLen=16 extraPadding=0
14 Apr 11:18:05 ntpd[12908]: nts_do_authenticated_ntp_sync: received UDP NTP response: 228 bytes
14 Apr 11:18:05 ntpd[12908]: nts_aead_open: AEAD=15 key=32 aad=84 nonce=16 ct=120
14 Apr 11:18:05 ntpd[12908]: nts_do_authenticated_ntp_sync: authenticated NTP response verified successfully
14 Apr 11:18:05 ntpd[12908]: nts_do_authenticated_ntp_sync: decrypted inner EF bytes: 104
14 Apr 11:18:05 ntpd[12908]: nts_do_authenticated_ntp_sync: cookies left after consume: 7
14 Apr 11:18:05 ntpd[12908]: nts_do_authenticated_ntp_sync: returned cookies: 1
14 Apr 11:18:05 ntpd[12908]: nts_do_authenticated_ntp_sync: Cookie[0] f7 5e cf 63 84 54 58 5a ...
14 Apr 11:18:05 ntpd[12908]: nts_do_authenticated_ntp_sync: Cookie[1] f7 5e cf 63 33 7e da 0f ...
14 Apr 11:18:05 ntpd[12908]: nts_do_authenticated_ntp_sync: Cookie[2] f7 5e cf 63 e1 2b 2d e8 ...
14 Apr 11:18:05 ntpd[12908]: nts_do_authenticated_ntp_sync: Cookie[3] f7 5e cf 63 1e 7a f8 17 ...
14 Apr 11:18:05 ntpd[12908]: nts_do_authenticated_ntp_sync: Cookie[4] f7 5e cf 63 c8 d6 34 a3 ...
14 Apr 11:18:05 ntpd[12908]: nts_do_authenticated_ntp_sync: Cookie[5] f7 5e cf 63 38 e6 e3 0c ...
14 Apr 11:18:05 ntpd[12908]: nts_do_authenticated_ntp_sync: Cookie[6] f7 5e cf 63 81 e8 6b 7c ...
14 Apr 11:18:05 ntpd[12908]: nts_do_authenticated_ntp_sync: Cookie[7] f7 5e cf 63 76 37 c5 61 ...
14 Apr 11:18:05 ntpd[12908]: nts_update_cookies_in_session: refreshed cookies saved to: C:\Users\sebi\AppData\Local\Temp\NTSClient\sth1.nts.netnod.se.sqlite
14 Apr 11:18:05 ntpd[12908]: nts_do_authenticated_ntp_sync: T1 client send    = 1776154685.877964020
14 Apr 11:18:05 ntpd[12908]: nts_do_authenticated_ntp_sync: T2 server receive = 1776154686.081247807
14 Apr 11:18:05 ntpd[12908]: nts_do_authenticated_ntp_sync: T3 server xmit    = 1776154686.081252337
14 Apr 11:18:05 ntpd[12908]: nts_do_authenticated_ntp_sync: T4 client recv    = 1776154685.949047089
14 Apr 11:18:05 ntpd[12908]: nts_do_authenticated_ntp_sync: Offset (sec) = 0.167744517
14 Apr 11:18:05 ntpd[12908]: nts_do_authenticated_ntp_sync: Delay  (sec) = 0.071078539
14 Apr 11:18:05 ntpd[12908]: nts_do_authenticated_ntp_sync: Offset (ms)  = 167.744517
14 Apr 11:18:05 ntpd[12908]: nts_do_authenticated_ntp_sync: Delay  (ms)  = 71.078539
14 Apr 11:18:06 ntpd[12908]: NTS:peer_xmit---has NTS_FLAG
14 Apr 11:18:06 ntpd[12908]: nts_run_peer_sync: loaded cached NTS session from C:\Users\sebi\AppData\Local\Temp\NTSClient\sth2.nts.netnod.se.sqlite
14 Apr 11:18:06 ntpd[12908]: nts_aead_seal: AEAD=15 key=32 aad=188 pt=0
14 Apr 11:18:06 ntpd[12908]: nts_aead_seal: success nonce=16 ciphertext=16
14 Apr 11:18:06 ntpd[12908]: nts_append_nts_authenticator_ef: nonceLen=16 ctLen=16 extraPadding=0
14 Apr 11:18:06 ntpd[12908]: nts_do_authenticated_ntp_sync: received UDP NTP response: 228 bytes
14 Apr 11:18:06 ntpd[12908]: nts_aead_open: AEAD=15 key=32 aad=84 nonce=16 ct=120
14 Apr 11:18:06 ntpd[12908]: nts_do_authenticated_ntp_sync: authenticated NTP response verified successfully
14 Apr 11:18:06 ntpd[12908]: nts_do_authenticated_ntp_sync: decrypted inner EF bytes: 104
14 Apr 11:18:06 ntpd[12908]: nts_do_authenticated_ntp_sync: cookies left after consume: 7
14 Apr 11:18:06 ntpd[12908]: nts_do_authenticated_ntp_sync: returned cookies: 1
14 Apr 11:18:06 ntpd[12908]: nts_do_authenticated_ntp_sync: Cookie[0] 90 0c af a8 63 54 07 8b ...
14 Apr 11:18:06 ntpd[12908]: nts_do_authenticated_ntp_sync: Cookie[1] 90 0c af a8 74 f5 35 b4 ...
14 Apr 11:18:06 ntpd[12908]: nts_do_authenticated_ntp_sync: Cookie[2] 90 0c af a8 5a ac 5e 66 ...
14 Apr 11:18:06 ntpd[12908]: nts_do_authenticated_ntp_sync: Cookie[3] f7 5e cf 63 9a dd bf 29 ...
14 Apr 11:18:06 ntpd[12908]: nts_do_authenticated_ntp_sync: Cookie[4] f7 5e cf 63 db 23 65 1e ...
14 Apr 11:18:06 ntpd[12908]: nts_do_authenticated_ntp_sync: Cookie[5] f7 5e cf 63 42 45 12 2f ...
14 Apr 11:18:06 ntpd[12908]: nts_do_authenticated_ntp_sync: Cookie[6] f7 5e cf 63 1a ce e0 6b ...
14 Apr 11:18:06 ntpd[12908]: nts_do_authenticated_ntp_sync: Cookie[7] f7 5e cf 63 14 8e 3b ab ...
14 Apr 11:18:06 ntpd[12908]: nts_update_cookies_in_session: refreshed cookies saved to: C:\Users\sebi\AppData\Local\Temp\NTSClient\sth2.nts.netnod.se.sqlite
14 Apr 11:18:06 ntpd[12908]: nts_do_authenticated_ntp_sync: T1 client send    = 1776154686.892755508
14 Apr 11:18:06 ntpd[12908]: nts_do_authenticated_ntp_sync: T2 server receive = 1776154687.095500708
14 Apr 11:18:06 ntpd[12908]: nts_do_authenticated_ntp_sync: T3 server xmit    = 1776154687.095504999
14 Apr 11:18:06 ntpd[12908]: nts_do_authenticated_ntp_sync: T4 client recv    = 1776154686.957927704
14 Apr 11:18:06 ntpd[12908]: nts_do_authenticated_ntp_sync: Offset (sec) = 0.170161247
14 Apr 11:18:06 ntpd[12908]: nts_do_authenticated_ntp_sync: Delay  (sec) = 0.065167904
14 Apr 11:18:06 ntpd[12908]: nts_do_authenticated_ntp_sync: Offset (ms)  = 170.161247
14 Apr 11:18:06 ntpd[12908]: nts_do_authenticated_ntp_sync: Delay  (ms)  = 65.167904
14 Apr 11:19:02 ntpd[12908]: NTS:peer_xmit---has NTS_FLAG
14 Apr 11:19:02 ntpd[12908]: nts_run_peer_sync: loaded cached NTS session from C:\Users\sebi\AppData\Local\Temp\NTSClient\2.ntp.ubuntu.com.sqlite
14 Apr 11:19:02 ntpd[12908]: nts_aead_seal: AEAD=15 key=32 aad=184 pt=0
14 Apr 11:19:02 ntpd[12908]: nts_aead_seal: success nonce=16 ciphertext=16
14 Apr 11:19:02 ntpd[12908]: nts_append_nts_authenticator_ef: nonceLen=16 ctLen=16 extraPadding=0
14 Apr 11:19:07 ntpd[12908]: nts_send_udp_and_receive: recvfrom failed or timed out, WSAGetLastError=10060
14 Apr 11:19:07 ntpd[12908]: nts_do_authenticated_ntp_sync: nts_send_udp_and_receive failed
14 Apr 11:19:07 ntpd[12908]: nts_run_peer_sync: cached authenticated NTP failed due to network; keeping cached session
14 Apr 11:19:07 ntpd[12908]: NTS:peer_xmit---has NTS_FLAG
14 Apr 11:19:07 ntpd[12908]: nts_run_peer_sync: loaded cached NTS session from C:\Users\sebi\AppData\Local\Temp\NTSClient\1.ntp.ubuntu.com.sqlite
14 Apr 11:19:07 ntpd[12908]: nts_aead_seal: AEAD=15 key=32 aad=184 pt=0
14 Apr 11:19:07 ntpd[12908]: nts_aead_seal: success nonce=16 ciphertext=16
14 Apr 11:19:07 ntpd[12908]: nts_append_nts_authenticator_ef: nonceLen=16 ctLen=16 extraPadding=0
14 Apr 11:19:13 ntpd[12908]: nts_send_udp_and_receive: recvfrom failed or timed out, WSAGetLastError=10060
14 Apr 11:19:13 ntpd[12908]: nts_do_authenticated_ntp_sync: nts_send_udp_and_receive failed
14 Apr 11:19:13 ntpd[12908]: nts_run_peer_sync: cached authenticated NTP failed due to network; keeping cached session
14 Apr 11:19:15 ntpd[12908]: NTS:peer_xmit---has NTS_FLAG
14 Apr 11:19:15 ntpd[12908]: nts_run_peer_sync: loaded cached NTS session from C:\Users\sebi\AppData\Local\Temp\NTSClient\4.ntp.ubuntu.com.sqlite
14 Apr 11:19:15 ntpd[12908]: nts_aead_seal: AEAD=15 key=32 aad=184 pt=0
14 Apr 11:19:15 ntpd[12908]: nts_aead_seal: success nonce=16 ciphertext=16
14 Apr 11:19:15 ntpd[12908]: nts_append_nts_authenticator_ef: nonceLen=16 ctLen=16 extraPadding=0
14 Apr 11:19:16 ntpd[12908]: nts_do_authenticated_ntp_sync: received UDP NTP response: 224 bytes
14 Apr 11:19:16 ntpd[12908]: nts_aead_open: AEAD=15 key=32 aad=84 nonce=16 ct=116
14 Apr 11:19:16 ntpd[12908]: nts_do_authenticated_ntp_sync: authenticated NTP response verified successfully
14 Apr 11:19:16 ntpd[12908]: nts_do_authenticated_ntp_sync: decrypted inner EF bytes: 100
14 Apr 11:19:16 ntpd[12908]: nts_do_authenticated_ntp_sync: cookies left after consume: 7
14 Apr 11:19:16 ntpd[12908]: nts_do_authenticated_ntp_sync: returned cookies: 1
14 Apr 11:19:16 ntpd[12908]: nts_do_authenticated_ntp_sync: Cookie[0] 10 f2 9c 61 6f 6a 57 ec ...
14 Apr 11:19:16 ntpd[12908]: nts_do_authenticated_ntp_sync: Cookie[1] 10 f2 9c 61 a0 bb 3e f7 ...
14 Apr 11:19:16 ntpd[12908]: nts_do_authenticated_ntp_sync: Cookie[2] 10 f2 9c 61 93 d5 d8 c3 ...
14 Apr 11:19:16 ntpd[12908]: nts_do_authenticated_ntp_sync: Cookie[3] 10 f2 9c 61 a1 e7 7a ef ...
14 Apr 11:19:16 ntpd[12908]: nts_do_authenticated_ntp_sync: Cookie[4] 10 f2 9c 61 f0 42 94 92 ...
14 Apr 11:19:16 ntpd[12908]: nts_do_authenticated_ntp_sync: Cookie[5] 10 f2 9c 61 a0 36 43 07 ...
14 Apr 11:19:16 ntpd[12908]: nts_do_authenticated_ntp_sync: Cookie[6] 10 f2 9c 61 63 e8 3a 89 ...
14 Apr 11:19:16 ntpd[12908]: nts_do_authenticated_ntp_sync: Cookie[7] 10 f2 9c 61 b8 c5 27 50 ...
14 Apr 11:19:16 ntpd[12908]: nts_update_cookies_in_session: refreshed cookies saved to: C:\Users\sebi\AppData\Local\Temp\NTSClient\4.ntp.ubuntu.com.sqlite
14 Apr 11:19:16 ntpd[12908]: nts_do_authenticated_ntp_sync: T1 client send    = 1776154755.880533218
14 Apr 11:19:16 ntpd[12908]: nts_do_authenticated_ntp_sync: T2 server receive = 1776154756.110983849
14 Apr 11:19:16 ntpd[12908]: nts_do_authenticated_ntp_sync: T3 server xmit    = 1776154756.111042023
14 Apr 11:19:16 ntpd[12908]: nts_do_authenticated_ntp_sync: T4 client recv    = 1776154756.009937286
14 Apr 11:19:16 ntpd[12908]: nts_do_authenticated_ntp_sync: Offset (sec) = 0.165777683
14 Apr 11:19:16 ntpd[12908]: nts_do_authenticated_ntp_sync: Delay  (sec) = 0.129345894
14 Apr 11:19:16 ntpd[12908]: nts_do_authenticated_ntp_sync: Offset (ms)  = 165.777683
14 Apr 11:19:16 ntpd[12908]: nts_do_authenticated_ntp_sync: Delay  (ms)  = 129.345894
14 Apr 11:19:16 ntpd[12908]: NTS:peer_xmit---has NTS_FLAG
14 Apr 11:19:16 ntpd[12908]: nts_run_peer_sync: loaded cached NTS session from C:\Users\sebi\AppData\Local\Temp\NTSClient\3.ntp.ubuntu.com.sqlite
14 Apr 11:19:16 ntpd[12908]: nts_aead_seal: AEAD=15 key=32 aad=184 pt=0
14 Apr 11:19:16 ntpd[12908]: nts_aead_seal: success nonce=16 ciphertext=16
14 Apr 11:19:16 ntpd[12908]: nts_append_nts_authenticator_ef: nonceLen=16 ctLen=16 extraPadding=0
14 Apr 11:19:16 ntpd[12908]: nts_do_authenticated_ntp_sync: received UDP NTP response: 224 bytes
14 Apr 11:19:16 ntpd[12908]: nts_aead_open: AEAD=15 key=32 aad=84 nonce=16 ct=116
14 Apr 11:19:16 ntpd[12908]: nts_do_authenticated_ntp_sync: authenticated NTP response verified successfully
14 Apr 11:19:16 ntpd[12908]: nts_do_authenticated_ntp_sync: decrypted inner EF bytes: 100
14 Apr 11:19:16 ntpd[12908]: nts_do_authenticated_ntp_sync: cookies left after consume: 7
14 Apr 11:19:16 ntpd[12908]: nts_do_authenticated_ntp_sync: returned cookies: 1
14 Apr 11:19:16 ntpd[12908]: nts_do_authenticated_ntp_sync: Cookie[0] 7c 00 6f ec e4 03 d9 24 ...
14 Apr 11:19:16 ntpd[12908]: nts_do_authenticated_ntp_sync: Cookie[1] 7c 00 6f ec d1 b9 ec 1b ...
14 Apr 11:19:16 ntpd[12908]: nts_do_authenticated_ntp_sync: Cookie[2] 7c 00 6f ec fa 0b 10 21 ...
14 Apr 11:19:16 ntpd[12908]: nts_do_authenticated_ntp_sync: Cookie[3] 7c 00 6f ec 94 b6 65 dc ...
14 Apr 11:19:16 ntpd[12908]: nts_do_authenticated_ntp_sync: Cookie[4] 7c 00 6f ec c6 a0 c9 9a ...
14 Apr 11:19:16 ntpd[12908]: nts_do_authenticated_ntp_sync: Cookie[5] 7c 00 6f ec 7c 3d 31 40 ...
14 Apr 11:19:16 ntpd[12908]: nts_do_authenticated_ntp_sync: Cookie[6] 7c 00 6f ec cc 07 ab db ...
14 Apr 11:19:16 ntpd[12908]: nts_do_authenticated_ntp_sync: Cookie[7] 7c 00 6f ec a6 8f 2c 0b ...
14 Apr 11:19:16 ntpd[12908]: nts_update_cookies_in_session: refreshed cookies saved to: C:\Users\sebi\AppData\Local\Temp\NTSClient\3.ntp.ubuntu.com.sqlite
14 Apr 11:19:16 ntpd[12908]: nts_do_authenticated_ntp_sync: T1 client send    = 1776154756.038501740
14 Apr 11:19:16 ntpd[12908]: nts_do_authenticated_ntp_sync: T2 server receive = 1776154756.275625229
14 Apr 11:19:16 ntpd[12908]: nts_do_authenticated_ntp_sync: T3 server xmit    = 1776154756.275676250
14 Apr 11:19:16 ntpd[12908]: nts_do_authenticated_ntp_sync: T4 client recv    = 1776154756.169311523
14 Apr 11:19:16 ntpd[12908]: nts_do_authenticated_ntp_sync: Offset (sec) = 0.171744108
14 Apr 11:19:16 ntpd[12908]: nts_do_authenticated_ntp_sync: Delay  (sec) = 0.130758762
14 Apr 11:19:16 ntpd[12908]: nts_do_authenticated_ntp_sync: Offset (ms)  = 171.744108
14 Apr 11:19:16 ntpd[12908]: nts_do_authenticated_ntp_sync: Delay  (ms)  = 130.758762
14 Apr 11:19:16 ntpd[12908]: NTS:peer_xmit---has NTS_FLAG
14 Apr 11:19:16 ntpd[12908]: nts_run_peer_sync: loaded cached NTS session from C:\Users\sebi\AppData\Local\Temp\NTSClient\lul1.nts.netnod.se.sqlite
14 Apr 11:19:16 ntpd[12908]: nts_aead_seal: AEAD=15 key=32 aad=188 pt=0
14 Apr 11:19:16 ntpd[12908]: nts_aead_seal: success nonce=16 ciphertext=16
14 Apr 11:19:16 ntpd[12908]: nts_append_nts_authenticator_ef: nonceLen=16 ctLen=16 extraPadding=0
14 Apr 11:19:16 ntpd[12908]: nts_do_authenticated_ntp_sync: received UDP NTP response: 228 bytes
14 Apr 11:19:16 ntpd[12908]: nts_aead_open: AEAD=15 key=32 aad=84 nonce=16 ct=120
14 Apr 11:19:16 ntpd[12908]: nts_do_authenticated_ntp_sync: authenticated NTP response verified successfully
14 Apr 11:19:16 ntpd[12908]: nts_do_authenticated_ntp_sync: decrypted inner EF bytes: 104
14 Apr 11:19:16 ntpd[12908]: nts_do_authenticated_ntp_sync: cookies left after consume: 7
14 Apr 11:19:16 ntpd[12908]: nts_do_authenticated_ntp_sync: returned cookies: 1
14 Apr 11:19:16 ntpd[12908]: nts_do_authenticated_ntp_sync: Cookie[0] 20 d1 f8 a0 1d 4e 36 4d ...
14 Apr 11:19:16 ntpd[12908]: nts_do_authenticated_ntp_sync: Cookie[1] 20 d1 f8 a0 3b 62 b6 f6 ...
14 Apr 11:19:16 ntpd[12908]: nts_do_authenticated_ntp_sync: Cookie[2] 20 d1 f8 a0 63 b1 43 64 ...
14 Apr 11:19:16 ntpd[12908]: nts_do_authenticated_ntp_sync: Cookie[3] 20 d1 f8 a0 5d f9 f0 2b ...
14 Apr 11:19:16 ntpd[12908]: nts_do_authenticated_ntp_sync: Cookie[4] 20 d1 f8 a0 88 c4 6b 8e ...
14 Apr 11:19:16 ntpd[12908]: nts_do_authenticated_ntp_sync: Cookie[5] 20 d1 f8 a0 f3 c0 0e 93 ...
14 Apr 11:19:16 ntpd[12908]: nts_do_authenticated_ntp_sync: Cookie[6] 20 d1 f8 a0 6f 96 21 8d ...
14 Apr 11:19:16 ntpd[12908]: nts_do_authenticated_ntp_sync: Cookie[7] 20 d1 f8 a0 95 04 f6 1e ...
14 Apr 11:19:17 ntpd[12908]: nts_update_cookies_in_session: refreshed cookies saved to: C:\Users\sebi\AppData\Local\Temp\NTSClient\lul1.nts.netnod.se.sqlite
14 Apr 11:19:17 ntpd[12908]: nts_do_authenticated_ntp_sync: T1 client send    = 1776154756.893611908
14 Apr 11:19:17 ntpd[12908]: nts_do_authenticated_ntp_sync: T2 server receive = 1776154757.103276968
14 Apr 11:19:17 ntpd[12908]: nts_do_authenticated_ntp_sync: T3 server xmit    = 1776154757.103281498
14 Apr 11:19:17 ntpd[12908]: nts_do_authenticated_ntp_sync: T4 client recv    = 1776154756.981597900
14 Apr 11:19:17 ntpd[12908]: nts_do_authenticated_ntp_sync: Offset (sec) = 0.165674329
14 Apr 11:19:17 ntpd[12908]: nts_do_authenticated_ntp_sync: Delay  (sec) = 0.087981462
14 Apr 11:19:17 ntpd[12908]: nts_do_authenticated_ntp_sync: Offset (ms)  = 165.674329
14 Apr 11:19:17 ntpd[12908]: nts_do_authenticated_ntp_sync: Delay  (ms)  = 87.981462
14 Apr 11:19:18 ntpd[12908]: NTS:peer_xmit---has NTS_FLAG
14 Apr 11:19:18 ntpd[12908]: nts_run_peer_sync: loaded cached NTS session from C:\Users\sebi\AppData\Local\Temp\NTSClient\sth1.nts.netnod.se.sqlite
14 Apr 11:19:18 ntpd[12908]: nts_aead_seal: AEAD=15 key=32 aad=188 pt=0
14 Apr 11:19:18 ntpd[12908]: nts_aead_seal: success nonce=16 ciphertext=16
14 Apr 11:19:18 ntpd[12908]: nts_append_nts_authenticator_ef: nonceLen=16 ctLen=16 extraPadding=0
14 Apr 11:19:18 ntpd[12908]: nts_do_authenticated_ntp_sync: received UDP NTP response: 228 bytes
14 Apr 11:19:18 ntpd[12908]: nts_aead_open: AEAD=15 key=32 aad=84 nonce=16 ct=120
14 Apr 11:19:18 ntpd[12908]: nts_do_authenticated_ntp_sync: authenticated NTP response verified successfully
14 Apr 11:19:18 ntpd[12908]: nts_do_authenticated_ntp_sync: decrypted inner EF bytes: 104
14 Apr 11:19:18 ntpd[12908]: nts_do_authenticated_ntp_sync: cookies left after consume: 7
14 Apr 11:19:18 ntpd[12908]: nts_do_authenticated_ntp_sync: returned cookies: 1
14 Apr 11:19:18 ntpd[12908]: nts_do_authenticated_ntp_sync: Cookie[0] f7 5e cf 63 33 7e da 0f ...
14 Apr 11:19:18 ntpd[12908]: nts_do_authenticated_ntp_sync: Cookie[1] f7 5e cf 63 e1 2b 2d e8 ...
14 Apr 11:19:18 ntpd[12908]: nts_do_authenticated_ntp_sync: Cookie[2] f7 5e cf 63 1e 7a f8 17 ...
14 Apr 11:19:18 ntpd[12908]: nts_do_authenticated_ntp_sync: Cookie[3] f7 5e cf 63 c8 d6 34 a3 ...
14 Apr 11:19:18 ntpd[12908]: nts_do_authenticated_ntp_sync: Cookie[4] f7 5e cf 63 38 e6 e3 0c ...
14 Apr 11:19:18 ntpd[12908]: nts_do_authenticated_ntp_sync: Cookie[5] f7 5e cf 63 81 e8 6b 7c ...
14 Apr 11:19:18 ntpd[12908]: nts_do_authenticated_ntp_sync: Cookie[6] f7 5e cf 63 76 37 c5 61 ...
14 Apr 11:19:18 ntpd[12908]: nts_do_authenticated_ntp_sync: Cookie[7] f7 5e cf 63 91 81 6b 3b ...
14 Apr 11:19:18 ntpd[12908]: nts_update_cookies_in_session: refreshed cookies saved to: C:\Users\sebi\AppData\Local\Temp\NTSClient\sth1.nts.netnod.se.sqlite
14 Apr 11:19:18 ntpd[12908]: nts_do_authenticated_ntp_sync: T1 client send    = 1776154758.888727188
14 Apr 11:19:18 ntpd[12908]: nts_do_authenticated_ntp_sync: T2 server receive = 1776154759.091490507
14 Apr 11:19:18 ntpd[12908]: nts_do_authenticated_ntp_sync: T3 server xmit    = 1776154759.091494799
14 Apr 11:19:18 ntpd[12908]: nts_do_authenticated_ntp_sync: T4 client recv    = 1776154758.953561783
14 Apr 11:19:18 ntpd[12908]: nts_do_authenticated_ntp_sync: Offset (sec) = 0.170348167
14 Apr 11:19:18 ntpd[12908]: nts_do_authenticated_ntp_sync: Delay  (sec) = 0.064830303
14 Apr 11:19:18 ntpd[12908]: nts_do_authenticated_ntp_sync: Offset (ms)  = 170.348167
14 Apr 11:19:18 ntpd[12908]: nts_do_authenticated_ntp_sync: Delay  (ms)  = 64.830303
14 Apr 11:19:18 ntpd[12908]: NTS:peer_xmit---has NTS_FLAG
14 Apr 11:19:18 ntpd[12908]: nts_run_peer_sync: loaded cached NTS session from C:\Users\sebi\AppData\Local\Temp\NTSClient\mmo2.nts.netnod.se.sqlite
14 Apr 11:19:18 ntpd[12908]: nts_aead_seal: AEAD=15 key=32 aad=188 pt=0
14 Apr 11:19:18 ntpd[12908]: nts_aead_seal: success nonce=16 ciphertext=16
14 Apr 11:19:18 ntpd[12908]: nts_append_nts_authenticator_ef: nonceLen=16 ctLen=16 extraPadding=0
14 Apr 11:19:19 ntpd[12908]: nts_do_authenticated_ntp_sync: received UDP NTP response: 228 bytes
14 Apr 11:19:19 ntpd[12908]: nts_aead_open: AEAD=15 key=32 aad=84 nonce=16 ct=120
14 Apr 11:19:19 ntpd[12908]: nts_do_authenticated_ntp_sync: authenticated NTP response verified successfully
14 Apr 11:19:19 ntpd[12908]: nts_do_authenticated_ntp_sync: decrypted inner EF bytes: 104
14 Apr 11:19:19 ntpd[12908]: nts_do_authenticated_ntp_sync: cookies left after consume: 7
14 Apr 11:19:19 ntpd[12908]: nts_do_authenticated_ntp_sync: returned cookies: 1
14 Apr 11:19:19 ntpd[12908]: nts_do_authenticated_ntp_sync: Cookie[0] cd 30 d3 22 df b8 7b 90 ...
14 Apr 11:19:19 ntpd[12908]: nts_do_authenticated_ntp_sync: Cookie[1] cd 30 d3 22 d9 a9 66 b6 ...
14 Apr 11:19:19 ntpd[12908]: nts_do_authenticated_ntp_sync: Cookie[2] cd 30 d3 22 d1 2a 5b 89 ...
14 Apr 11:19:19 ntpd[12908]: nts_do_authenticated_ntp_sync: Cookie[3] cd 30 d3 22 ae eb da 9e ...
14 Apr 11:19:19 ntpd[12908]: nts_do_authenticated_ntp_sync: Cookie[4] cd 30 d3 22 b1 8f 10 b1 ...
14 Apr 11:19:19 ntpd[12908]: nts_do_authenticated_ntp_sync: Cookie[5] cd 30 d3 22 dd 67 80 92 ...
14 Apr 11:19:19 ntpd[12908]: nts_do_authenticated_ntp_sync: Cookie[6] cd 30 d3 22 af 98 7e 68 ...
14 Apr 11:19:19 ntpd[12908]: nts_do_authenticated_ntp_sync: Cookie[7] cd 30 d3 22 c5 9c ed 14 ...
14 Apr 11:19:19 ntpd[12908]: nts_update_cookies_in_session: refreshed cookies saved to: C:\Users\sebi\AppData\Local\Temp\NTSClient\mmo2.nts.netnod.se.sqlite
14 Apr 11:19:19 ntpd[12908]: nts_do_authenticated_ntp_sync: T1 client send    = 1776154758.985555649
14 Apr 11:19:19 ntpd[12908]: nts_do_authenticated_ntp_sync: T2 server receive = 1776154759.181403875
14 Apr 11:19:19 ntpd[12908]: nts_do_authenticated_ntp_sync: T3 server xmit    = 1776154759.181408405
14 Apr 11:19:19 ntpd[12908]: nts_do_authenticated_ntp_sync: T4 client recv    = 1776154759.047893524
14 Apr 11:19:19 ntpd[12908]: nts_do_authenticated_ntp_sync: Offset (sec) = 0.164681554
14 Apr 11:19:19 ntpd[12908]: nts_do_authenticated_ntp_sync: Delay  (sec) = 0.062333345
14 Apr 11:19:19 ntpd[12908]: nts_do_authenticated_ntp_sync: Offset (ms)  = 164.681554
14 Apr 11:19:19 ntpd[12908]: nts_do_authenticated_ntp_sync: Delay  (ms)  = 62.333345
14 Apr 11:19:19 ntpd[12908]: NTS:peer_xmit---has NTS_FLAG
14 Apr 11:19:19 ntpd[12908]: nts_run_peer_sync: loaded cached NTS session from C:\Users\sebi\AppData\Local\Temp\NTSClient\lul2.nts.netnod.se.sqlite
14 Apr 11:19:19 ntpd[12908]: nts_aead_seal: AEAD=15 key=32 aad=188 pt=0
14 Apr 11:19:19 ntpd[12908]: nts_aead_seal: success nonce=16 ciphertext=16
14 Apr 11:19:19 ntpd[12908]: nts_append_nts_authenticator_ef: nonceLen=16 ctLen=16 extraPadding=0
14 Apr 11:19:19 ntpd[12908]: nts_do_authenticated_ntp_sync: received UDP NTP response: 228 bytes
14 Apr 11:19:19 ntpd[12908]: nts_aead_open: AEAD=15 key=32 aad=84 nonce=16 ct=120
14 Apr 11:19:19 ntpd[12908]: nts_do_authenticated_ntp_sync: authenticated NTP response verified successfully
14 Apr 11:19:19 ntpd[12908]: nts_do_authenticated_ntp_sync: decrypted inner EF bytes: 104
14 Apr 11:19:19 ntpd[12908]: nts_do_authenticated_ntp_sync: cookies left after consume: 7
14 Apr 11:19:19 ntpd[12908]: nts_do_authenticated_ntp_sync: returned cookies: 1
14 Apr 11:19:19 ntpd[12908]: nts_do_authenticated_ntp_sync: Cookie[0] 20 d1 f8 a0 6c 3d 95 ef ...
14 Apr 11:19:19 ntpd[12908]: nts_do_authenticated_ntp_sync: Cookie[1] 20 d1 f8 a0 0f ff b1 33 ...
14 Apr 11:19:19 ntpd[12908]: nts_do_authenticated_ntp_sync: Cookie[2] 20 d1 f8 a0 3e f5 e0 44 ...
14 Apr 11:19:19 ntpd[12908]: nts_do_authenticated_ntp_sync: Cookie[3] 20 d1 f8 a0 d8 62 1c fb ...
14 Apr 11:19:19 ntpd[12908]: nts_do_authenticated_ntp_sync: Cookie[4] 20 d1 f8 a0 1c 00 df f3 ...
14 Apr 11:19:19 ntpd[12908]: nts_do_authenticated_ntp_sync: Cookie[5] 20 d1 f8 a0 95 5d 49 d1 ...
14 Apr 11:19:19 ntpd[12908]: nts_do_authenticated_ntp_sync: Cookie[6] 20 d1 f8 a0 75 a7 a3 76 ...
14 Apr 11:19:19 ntpd[12908]: nts_do_authenticated_ntp_sync: Cookie[7] 20 d1 f8 a0 f4 3f 23 82 ...
14 Apr 11:19:19 ntpd[12908]: nts_update_cookies_in_session: refreshed cookies saved to: C:\Users\sebi\AppData\Local\Temp\NTSClient\lul2.nts.netnod.se.sqlite
14 Apr 11:19:19 ntpd[12908]: nts_do_authenticated_ntp_sync: T1 client send    = 1776154759.072944641
14 Apr 11:19:19 ntpd[12908]: nts_do_authenticated_ntp_sync: T2 server receive = 1776154759.268532276
14 Apr 11:19:19 ntpd[12908]: nts_do_authenticated_ntp_sync: T3 server xmit    = 1776154759.268536806
14 Apr 11:19:19 ntpd[12908]: nts_do_authenticated_ntp_sync: T4 client recv    = 1776154759.145191193
14 Apr 11:19:19 ntpd[12908]: nts_do_authenticated_ntp_sync: Offset (sec) = 0.159466624
14 Apr 11:19:19 ntpd[12908]: nts_do_authenticated_ntp_sync: Delay  (sec) = 0.072242022
14 Apr 11:19:19 ntpd[12908]: nts_do_authenticated_ntp_sync: Offset (ms)  = 159.466624
14 Apr 11:19:19 ntpd[12908]: nts_do_authenticated_ntp_sync: Delay  (ms)  = 72.242022
14 Apr 11:19:19 ntpd[12908]: NTS:peer_xmit---has NTS_FLAG
14 Apr 11:19:19 ntpd[12908]: nts_run_peer_sync: loaded cached NTS session from C:\Users\sebi\AppData\Local\Temp\NTSClient\sth2.nts.netnod.se.sqlite
14 Apr 11:19:19 ntpd[12908]: nts_aead_seal: AEAD=15 key=32 aad=188 pt=0
14 Apr 11:19:19 ntpd[12908]: nts_aead_seal: success nonce=16 ciphertext=16
14 Apr 11:19:19 ntpd[12908]: nts_append_nts_authenticator_ef: nonceLen=16 ctLen=16 extraPadding=0
14 Apr 11:19:19 ntpd[12908]: nts_do_authenticated_ntp_sync: received UDP NTP response: 228 bytes
14 Apr 11:19:19 ntpd[12908]: nts_aead_open: AEAD=15 key=32 aad=84 nonce=16 ct=120
14 Apr 11:19:19 ntpd[12908]: nts_do_authenticated_ntp_sync: authenticated NTP response verified successfully
14 Apr 11:19:19 ntpd[12908]: nts_do_authenticated_ntp_sync: decrypted inner EF bytes: 104
14 Apr 11:19:19 ntpd[12908]: nts_do_authenticated_ntp_sync: cookies left after consume: 7
14 Apr 11:19:19 ntpd[12908]: nts_do_authenticated_ntp_sync: returned cookies: 1
14 Apr 11:19:19 ntpd[12908]: nts_do_authenticated_ntp_sync: Cookie[0] 90 0c af a8 74 f5 35 b4 ...
14 Apr 11:19:19 ntpd[12908]: nts_do_authenticated_ntp_sync: Cookie[1] 90 0c af a8 5a ac 5e 66 ...
14 Apr 11:19:19 ntpd[12908]: nts_do_authenticated_ntp_sync: Cookie[2] f7 5e cf 63 9a dd bf 29 ...
14 Apr 11:19:19 ntpd[12908]: nts_do_authenticated_ntp_sync: Cookie[3] f7 5e cf 63 db 23 65 1e ...
14 Apr 11:19:19 ntpd[12908]: nts_do_authenticated_ntp_sync: Cookie[4] f7 5e cf 63 42 45 12 2f ...
14 Apr 11:19:19 ntpd[12908]: nts_do_authenticated_ntp_sync: Cookie[5] f7 5e cf 63 1a ce e0 6b ...
14 Apr 11:19:19 ntpd[12908]: nts_do_authenticated_ntp_sync: Cookie[6] f7 5e cf 63 14 8e 3b ab ...
14 Apr 11:19:19 ntpd[12908]: nts_do_authenticated_ntp_sync: Cookie[7] f7 5e cf 63 e9 2e 70 08 ...
14 Apr 11:19:19 ntpd[12908]: nts_update_cookies_in_session: refreshed cookies saved to: C:\Users\sebi\AppData\Local\Temp\NTSClient\sth2.nts.netnod.se.sqlite
14 Apr 11:19:19 ntpd[12908]: nts_do_authenticated_ntp_sync: T1 client send    = 1776154759.886787415
14 Apr 11:19:19 ntpd[12908]: nts_do_authenticated_ntp_sync: T2 server receive = 1776154760.089279175
14 Apr 11:19:19 ntpd[12908]: nts_do_authenticated_ntp_sync: T3 server xmit    = 1776154760.089283705
14 Apr 11:19:19 ntpd[12908]: nts_do_authenticated_ntp_sync: T4 client recv    = 1776154759.951267242
14 Apr 11:19:19 ntpd[12908]: nts_do_authenticated_ntp_sync: Offset (sec) = 0.170254111
14 Apr 11:19:19 ntpd[12908]: nts_do_authenticated_ntp_sync: Delay  (sec) = 0.064475298
14 Apr 11:19:19 ntpd[12908]: nts_do_authenticated_ntp_sync: Offset (ms)  = 170.254111
14 Apr 11:19:19 ntpd[12908]: nts_do_authenticated_ntp_sync: Delay  (ms)  = 64.475298
14 Apr 11:19:19 ntpd[12908]: NTS:peer_xmit---has NTS_FLAG
14 Apr 11:19:19 ntpd[12908]: nts_run_peer_sync: loaded cached NTS session from C:\Users\sebi\AppData\Local\Temp\NTSClient\mmo1.nts.netnod.se.sqlite
14 Apr 11:19:19 ntpd[12908]: nts_aead_seal: AEAD=15 key=32 aad=188 pt=0
14 Apr 11:19:19 ntpd[12908]: nts_aead_seal: success nonce=16 ciphertext=16
14 Apr 11:19:19 ntpd[12908]: nts_append_nts_authenticator_ef: nonceLen=16 ctLen=16 extraPadding=0
14 Apr 11:19:20 ntpd[12908]: nts_do_authenticated_ntp_sync: received UDP NTP response: 228 bytes
14 Apr 11:19:20 ntpd[12908]: nts_aead_open: AEAD=15 key=32 aad=84 nonce=16 ct=120
14 Apr 11:19:20 ntpd[12908]: nts_do_authenticated_ntp_sync: authenticated NTP response verified successfully
14 Apr 11:19:20 ntpd[12908]: nts_do_authenticated_ntp_sync: decrypted inner EF bytes: 104
14 Apr 11:19:20 ntpd[12908]: nts_do_authenticated_ntp_sync: cookies left after consume: 7
14 Apr 11:19:20 ntpd[12908]: nts_do_authenticated_ntp_sync: returned cookies: 1
14 Apr 11:19:20 ntpd[12908]: nts_do_authenticated_ntp_sync: Cookie[0] cd 30 d3 22 99 75 be 22 ...
14 Apr 11:19:20 ntpd[12908]: nts_do_authenticated_ntp_sync: Cookie[1] cd 30 d3 22 05 d7 85 23 ...
14 Apr 11:19:20 ntpd[12908]: nts_do_authenticated_ntp_sync: Cookie[2] cd 30 d3 22 71 3f 65 14 ...
14 Apr 11:19:20 ntpd[12908]: nts_do_authenticated_ntp_sync: Cookie[3] cd 30 d3 22 85 86 24 d0 ...
14 Apr 11:19:20 ntpd[12908]: nts_do_authenticated_ntp_sync: Cookie[4] cd 30 d3 22 a1 44 32 75 ...
14 Apr 11:19:20 ntpd[12908]: nts_do_authenticated_ntp_sync: Cookie[5] cd 30 d3 22 ac fd a5 ce ...
14 Apr 11:19:20 ntpd[12908]: nts_do_authenticated_ntp_sync: Cookie[6] cd 30 d3 22 d8 88 b5 f6 ...
14 Apr 11:19:20 ntpd[12908]: nts_do_authenticated_ntp_sync: Cookie[7] cd 30 d3 22 e3 fb 53 13 ...
14 Apr 11:19:20 ntpd[12908]: nts_update_cookies_in_session: refreshed cookies saved to: C:\Users\sebi\AppData\Local\Temp\NTSClient\mmo1.nts.netnod.se.sqlite
14 Apr 11:19:20 ntpd[12908]: nts_do_authenticated_ntp_sync: T1 client send    = 1776154759.976261139
14 Apr 11:19:20 ntpd[12908]: nts_do_authenticated_ntp_sync: T2 server receive = 1776154760.171790123
14 Apr 11:19:20 ntpd[12908]: nts_do_authenticated_ntp_sync: T3 server xmit    = 1776154760.171794415
14 Apr 11:19:20 ntpd[12908]: nts_do_authenticated_ntp_sync: T4 client recv    = 1776154760.037750244
14 Apr 11:19:20 ntpd[12908]: nts_do_authenticated_ntp_sync: Offset (sec) = 0.164786577
14 Apr 11:19:20 ntpd[12908]: nts_do_authenticated_ntp_sync: Delay  (sec) = 0.061484814
14 Apr 11:19:20 ntpd[12908]: nts_do_authenticated_ntp_sync: Offset (ms)  = 164.786577
14 Apr 11:19:20 ntpd[12908]: nts_do_authenticated_ntp_sync: Delay  (ms)  = 61.484814
14 Apr 11:20:15 ntpd[12908]: NTS:peer_xmit---has NTS_FLAG
14 Apr 11:20:15 ntpd[12908]: nts_run_peer_sync: loaded cached NTS session from C:\Users\sebi\AppData\Local\Temp\NTSClient\1.ntp.ubuntu.com.sqlite
14 Apr 11:20:15 ntpd[12908]: nts_aead_seal: AEAD=15 key=32 aad=184 pt=0
14 Apr 11:20:15 ntpd[12908]: nts_aead_seal: success nonce=16 ciphertext=16
14 Apr 11:20:15 ntpd[12908]: nts_append_nts_authenticator_ef: nonceLen=16 ctLen=16 extraPadding=0
14 Apr 11:20:15 ntpd[12908]: nts_do_authenticated_ntp_sync: received UDP NTP response: 224 bytes
14 Apr 11:20:15 ntpd[12908]: nts_aead_open: AEAD=15 key=32 aad=84 nonce=16 ct=116
14 Apr 11:20:15 ntpd[12908]: nts_do_authenticated_ntp_sync: authenticated NTP response verified successfully
14 Apr 11:20:15 ntpd[12908]: nts_do_authenticated_ntp_sync: decrypted inner EF bytes: 100
14 Apr 11:20:15 ntpd[12908]: nts_do_authenticated_ntp_sync: cookies left after consume: 7
14 Apr 11:20:15 ntpd[12908]: nts_do_authenticated_ntp_sync: returned cookies: 1
14 Apr 11:20:15 ntpd[12908]: nts_do_authenticated_ntp_sync: Cookie[0] 47 d6 d0 67 9f cb a4 75 ...
14 Apr 11:20:15 ntpd[12908]: nts_do_authenticated_ntp_sync: Cookie[1] 47 d6 d0 67 03 82 b5 c8 ...
14 Apr 11:20:15 ntpd[12908]: nts_do_authenticated_ntp_sync: Cookie[2] 47 d6 d0 67 f8 3f 5b 4f ...
14 Apr 11:20:15 ntpd[12908]: nts_do_authenticated_ntp_sync: Cookie[3] 47 d6 d0 67 68 24 c0 32 ...
14 Apr 11:20:15 ntpd[12908]: nts_do_authenticated_ntp_sync: Cookie[4] 47 d6 d0 67 76 dd ff 79 ...
14 Apr 11:20:15 ntpd[12908]: nts_do_authenticated_ntp_sync: Cookie[5] 47 d6 d0 67 35 3e a2 bb ...
14 Apr 11:20:15 ntpd[12908]: nts_do_authenticated_ntp_sync: Cookie[6] 47 d6 d0 67 87 38 40 3e ...
14 Apr 11:20:15 ntpd[12908]: nts_do_authenticated_ntp_sync: Cookie[7] 47 d6 d0 67 ce b2 80 7b ...
14 Apr 11:20:15 ntpd[12908]: nts_update_cookies_in_session: refreshed cookies saved to: C:\Users\sebi\AppData\Local\Temp\NTSClient\1.ntp.ubuntu.com.sqlite
14 Apr 11:20:15 ntpd[12908]: nts_do_authenticated_ntp_sync: T1 client send    = 1776154815.876575470
14 Apr 11:20:15 ntpd[12908]: nts_do_authenticated_ntp_sync: T2 server receive = 1776154816.072353125
14 Apr 11:20:15 ntpd[12908]: nts_do_authenticated_ntp_sync: T3 server xmit    = 1776154816.072396278
14 Apr 11:20:15 ntpd[12908]: nts_do_authenticated_ntp_sync: T4 client recv    = 1776154815.916664124
14 Apr 11:20:15 ntpd[12908]: nts_do_authenticated_ntp_sync: Offset (sec) = 0.175754905
14 Apr 11:20:15 ntpd[12908]: nts_do_authenticated_ntp_sync: Delay  (sec) = 0.040045500
14 Apr 11:20:15 ntpd[12908]: nts_do_authenticated_ntp_sync: Offset (ms)  = 175.754905
14 Apr 11:20:15 ntpd[12908]: nts_do_authenticated_ntp_sync: Delay  (ms)  = 40.045500
14 Apr 11:20:16 ntpd[12908]: NTS:peer_xmit---has NTS_FLAG
14 Apr 11:20:16 ntpd[12908]: nts_run_peer_sync: loaded cached NTS session from C:\Users\sebi\AppData\Local\Temp\NTSClient\2.ntp.ubuntu.com.sqlite
14 Apr 11:20:16 ntpd[12908]: nts_aead_seal: AEAD=15 key=32 aad=184 pt=0
14 Apr 11:20:16 ntpd[12908]: nts_aead_seal: success nonce=16 ciphertext=16
14 Apr 11:20:16 ntpd[12908]: nts_append_nts_authenticator_ef: nonceLen=16 ctLen=16 extraPadding=0
14 Apr 11:20:16 ntpd[12908]: nts_do_authenticated_ntp_sync: received UDP NTP response: 224 bytes
14 Apr 11:20:16 ntpd[12908]: nts_aead_open: AEAD=15 key=32 aad=84 nonce=16 ct=116
14 Apr 11:20:16 ntpd[12908]: nts_do_authenticated_ntp_sync: authenticated NTP response verified successfully
14 Apr 11:20:16 ntpd[12908]: nts_do_authenticated_ntp_sync: decrypted inner EF bytes: 100
14 Apr 11:20:16 ntpd[12908]: nts_do_authenticated_ntp_sync: cookies left after consume: 7
14 Apr 11:20:16 ntpd[12908]: nts_do_authenticated_ntp_sync: returned cookies: 1
14 Apr 11:20:16 ntpd[12908]: nts_do_authenticated_ntp_sync: Cookie[0] 38 53 3b 4b e0 f6 1f 19 ...
14 Apr 11:20:16 ntpd[12908]: nts_do_authenticated_ntp_sync: Cookie[1] 38 53 3b 4b 40 6e e7 23 ...
14 Apr 11:20:16 ntpd[12908]: nts_do_authenticated_ntp_sync: Cookie[2] 38 53 3b 4b e2 4e c9 38 ...
14 Apr 11:20:16 ntpd[12908]: nts_do_authenticated_ntp_sync: Cookie[3] 38 53 3b 4b 13 c4 8b 3f ...
14 Apr 11:20:16 ntpd[12908]: nts_do_authenticated_ntp_sync: Cookie[4] 38 53 3b 4b 80 c5 3e 66 ...
14 Apr 11:20:16 ntpd[12908]: nts_do_authenticated_ntp_sync: Cookie[5] 38 53 3b 4b f0 f3 65 d1 ...
14 Apr 11:20:16 ntpd[12908]: nts_do_authenticated_ntp_sync: Cookie[6] 38 53 3b 4b 2f f3 b1 93 ...
14 Apr 11:20:16 ntpd[12908]: nts_do_authenticated_ntp_sync: Cookie[7] 38 53 3b 4b d1 30 a3 b3 ...
14 Apr 11:20:16 ntpd[12908]: nts_update_cookies_in_session: refreshed cookies saved to: C:\Users\sebi\AppData\Local\Temp\NTSClient\2.ntp.ubuntu.com.sqlite
14 Apr 11:20:16 ntpd[12908]: nts_do_authenticated_ntp_sync: T1 client send    = 1776154816.891441345
14 Apr 11:20:16 ntpd[12908]: nts_do_authenticated_ntp_sync: T2 server receive = 1776154817.085418701
14 Apr 11:20:16 ntpd[12908]: nts_do_authenticated_ntp_sync: T3 server xmit    = 1776154817.085526228
14 Apr 11:20:16 ntpd[12908]: nts_do_authenticated_ntp_sync: T4 client recv    = 1776154816.942686081
14 Apr 11:20:16 ntpd[12908]: nts_do_authenticated_ntp_sync: Offset (sec) = 0.168408751
14 Apr 11:20:16 ntpd[12908]: nts_do_authenticated_ntp_sync: Delay  (sec) = 0.051137209
14 Apr 11:20:16 ntpd[12908]: nts_do_authenticated_ntp_sync: Offset (ms)  = 168.408751
14 Apr 11:20:16 ntpd[12908]: nts_do_authenticated_ntp_sync: Delay  (ms)  = 51.137209
14 Apr 11:20:21 ntpd[12908]: NTS:peer_xmit---has NTS_FLAG
14 Apr 11:20:21 ntpd[12908]: nts_run_peer_sync: loaded cached NTS session from C:\Users\sebi\AppData\Local\Temp\NTSClient\4.ntp.ubuntu.com.sqlite
14 Apr 11:20:21 ntpd[12908]: nts_aead_seal: AEAD=15 key=32 aad=184 pt=0
14 Apr 11:20:21 ntpd[12908]: nts_aead_seal: success nonce=16 ciphertext=16
14 Apr 11:20:21 ntpd[12908]: nts_append_nts_authenticator_ef: nonceLen=16 ctLen=16 extraPadding=0
14 Apr 11:20:22 ntpd[12908]: nts_do_authenticated_ntp_sync: received UDP NTP response: 224 bytes
14 Apr 11:20:22 ntpd[12908]: nts_aead_open: AEAD=15 key=32 aad=84 nonce=16 ct=116
14 Apr 11:20:22 ntpd[12908]: nts_do_authenticated_ntp_sync: authenticated NTP response verified successfully
14 Apr 11:20:22 ntpd[12908]: nts_do_authenticated_ntp_sync: decrypted inner EF bytes: 100
14 Apr 11:20:22 ntpd[12908]: nts_do_authenticated_ntp_sync: cookies left after consume: 7
14 Apr 11:20:22 ntpd[12908]: nts_do_authenticated_ntp_sync: returned cookies: 1
14 Apr 11:20:22 ntpd[12908]: nts_do_authenticated_ntp_sync: Cookie[0] 10 f2 9c 61 a0 bb 3e f7 ...
14 Apr 11:20:22 ntpd[12908]: nts_do_authenticated_ntp_sync: Cookie[1] 10 f2 9c 61 93 d5 d8 c3 ...
14 Apr 11:20:22 ntpd[12908]: nts_do_authenticated_ntp_sync: Cookie[2] 10 f2 9c 61 a1 e7 7a ef ...
14 Apr 11:20:22 ntpd[12908]: nts_do_authenticated_ntp_sync: Cookie[3] 10 f2 9c 61 f0 42 94 92 ...
14 Apr 11:20:22 ntpd[12908]: nts_do_authenticated_ntp_sync: Cookie[4] 10 f2 9c 61 a0 36 43 07 ...
14 Apr 11:20:22 ntpd[12908]: nts_do_authenticated_ntp_sync: Cookie[5] 10 f2 9c 61 63 e8 3a 89 ...
14 Apr 11:20:22 ntpd[12908]: nts_do_authenticated_ntp_sync: Cookie[6] 10 f2 9c 61 b8 c5 27 50 ...
14 Apr 11:20:22 ntpd[12908]: nts_do_authenticated_ntp_sync: Cookie[7] 10 f2 9c 61 52 fd f7 93 ...
14 Apr 11:20:22 ntpd[12908]: nts_update_cookies_in_session: refreshed cookies saved to: C:\Users\sebi\AppData\Local\Temp\NTSClient\4.ntp.ubuntu.com.sqlite
14 Apr 11:20:22 ntpd[12908]: nts_do_authenticated_ntp_sync: T1 client send    = 1776154821.880380630
14 Apr 11:20:22 ntpd[12908]: nts_do_authenticated_ntp_sync: T2 server receive = 1776154822.117589951
14 Apr 11:20:22 ntpd[12908]: nts_do_authenticated_ntp_sync: T3 server xmit    = 1776154822.117666960
14 Apr 11:20:22 ntpd[12908]: nts_do_authenticated_ntp_sync: T4 client recv    = 1776154822.008287430
14 Apr 11:20:22 ntpd[12908]: nts_do_authenticated_ntp_sync: Offset (sec) = 0.173294425
14 Apr 11:20:22 ntpd[12908]: nts_do_authenticated_ntp_sync: Delay  (sec) = 0.127829790
14 Apr 11:20:22 ntpd[12908]: nts_do_authenticated_ntp_sync: Offset (ms)  = 173.294425
14 Apr 11:20:22 ntpd[12908]: nts_do_authenticated_ntp_sync: Delay  (ms)  = 127.829790
14 Apr 11:20:22 ntpd[12908]: NTS:peer_xmit---has NTS_FLAG
14 Apr 11:20:22 ntpd[12908]: nts_run_peer_sync: loaded cached NTS session from C:\Users\sebi\AppData\Local\Temp\NTSClient\3.ntp.ubuntu.com.sqlite
14 Apr 11:20:22 ntpd[12908]: nts_aead_seal: AEAD=15 key=32 aad=184 pt=0
14 Apr 11:20:22 ntpd[12908]: nts_aead_seal: success nonce=16 ciphertext=16
14 Apr 11:20:22 ntpd[12908]: nts_append_nts_authenticator_ef: nonceLen=16 ctLen=16 extraPadding=0
14 Apr 11:20:27 ntpd[12908]: nts_send_udp_and_receive: recvfrom failed or timed out, WSAGetLastError=10060
14 Apr 11:20:27 ntpd[12908]: nts_do_authenticated_ntp_sync: nts_send_udp_and_receive failed
14 Apr 11:20:27 ntpd[12908]: nts_run_peer_sync: cached authenticated NTP failed due to network; keeping cached session
14 Apr 11:20:27 ntpd[12908]: NTS:peer_xmit---has NTS_FLAG
14 Apr 11:20:27 ntpd[12908]: nts_run_peer_sync: loaded cached NTS session from C:\Users\sebi\AppData\Local\Temp\NTSClient\mmo2.nts.netnod.se.sqlite
14 Apr 11:20:27 ntpd[12908]: nts_aead_seal: AEAD=15 key=32 aad=188 pt=0
14 Apr 11:20:27 ntpd[12908]: nts_aead_seal: success nonce=16 ciphertext=16
14 Apr 11:20:27 ntpd[12908]: nts_append_nts_authenticator_ef: nonceLen=16 ctLen=16 extraPadding=0
14 Apr 11:20:27 ntpd[12908]: nts_do_authenticated_ntp_sync: received UDP NTP response: 228 bytes
14 Apr 11:20:27 ntpd[12908]: nts_aead_open: AEAD=15 key=32 aad=84 nonce=16 ct=120
14 Apr 11:20:27 ntpd[12908]: nts_do_authenticated_ntp_sync: authenticated NTP response verified successfully
14 Apr 11:20:27 ntpd[12908]: nts_do_authenticated_ntp_sync: decrypted inner EF bytes: 104
14 Apr 11:20:27 ntpd[12908]: nts_do_authenticated_ntp_sync: cookies left after consume: 7
14 Apr 11:20:27 ntpd[12908]: nts_do_authenticated_ntp_sync: returned cookies: 1
14 Apr 11:20:27 ntpd[12908]: nts_do_authenticated_ntp_sync: Cookie[0] cd 30 d3 22 d9 a9 66 b6 ...
14 Apr 11:20:27 ntpd[12908]: nts_do_authenticated_ntp_sync: Cookie[1] cd 30 d3 22 d1 2a 5b 89 ...
14 Apr 11:20:27 ntpd[12908]: nts_do_authenticated_ntp_sync: Cookie[2] cd 30 d3 22 ae eb da 9e ...
14 Apr 11:20:27 ntpd[12908]: nts_do_authenticated_ntp_sync: Cookie[3] cd 30 d3 22 b1 8f 10 b1 ...
14 Apr 11:20:27 ntpd[12908]: nts_do_authenticated_ntp_sync: Cookie[4] cd 30 d3 22 dd 67 80 92 ...
14 Apr 11:20:27 ntpd[12908]: nts_do_authenticated_ntp_sync: Cookie[5] cd 30 d3 22 af 98 7e 68 ...
14 Apr 11:20:27 ntpd[12908]: nts_do_authenticated_ntp_sync: Cookie[6] cd 30 d3 22 c5 9c ed 14 ...
14 Apr 11:20:27 ntpd[12908]: nts_do_authenticated_ntp_sync: Cookie[7] cd 30 d3 22 2a fb 80 ea ...
14 Apr 11:20:27 ntpd[12908]: nts_update_cookies_in_session: refreshed cookies saved to: C:\Users\sebi\AppData\Local\Temp\NTSClient\mmo2.nts.netnod.se.sqlite
14 Apr 11:20:27 ntpd[12908]: nts_do_authenticated_ntp_sync: T1 client send    = 1776154827.880632401
14 Apr 11:20:27 ntpd[12908]: nts_do_authenticated_ntp_sync: T2 server receive = 1776154828.077326775
14 Apr 11:20:27 ntpd[12908]: nts_do_authenticated_ntp_sync: T3 server xmit    = 1776154828.077331305
14 Apr 11:20:27 ntpd[12908]: nts_do_authenticated_ntp_sync: T4 client recv    = 1776154827.947616577
14 Apr 11:20:27 ntpd[12908]: nts_do_authenticated_ntp_sync: Offset (sec) = 0.163204551
14 Apr 11:20:27 ntpd[12908]: nts_do_authenticated_ntp_sync: Delay  (sec) = 0.066979647
14 Apr 11:20:27 ntpd[12908]: nts_do_authenticated_ntp_sync: Offset (ms)  = 163.204551
14 Apr 11:20:27 ntpd[12908]: nts_do_authenticated_ntp_sync: Delay  (ms)  = 66.979647
14 Apr 11:20:27 ntpd[12908]: NTS:peer_xmit---has NTS_FLAG
14 Apr 11:20:27 ntpd[12908]: nts_run_peer_sync: loaded cached NTS session from C:\Users\sebi\AppData\Local\Temp\NTSClient\lul1.nts.netnod.se.sqlite
14 Apr 11:20:27 ntpd[12908]: nts_aead_seal: AEAD=15 key=32 aad=188 pt=0
14 Apr 11:20:27 ntpd[12908]: nts_aead_seal: success nonce=16 ciphertext=16
14 Apr 11:20:27 ntpd[12908]: nts_append_nts_authenticator_ef: nonceLen=16 ctLen=16 extraPadding=0
14 Apr 11:20:28 ntpd[12908]: nts_do_authenticated_ntp_sync: received UDP NTP response: 228 bytes
14 Apr 11:20:28 ntpd[12908]: nts_aead_open: AEAD=15 key=32 aad=84 nonce=16 ct=120
14 Apr 11:20:28 ntpd[12908]: nts_do_authenticated_ntp_sync: authenticated NTP response verified successfully
14 Apr 11:20:28 ntpd[12908]: nts_do_authenticated_ntp_sync: decrypted inner EF bytes: 104
14 Apr 11:20:28 ntpd[12908]: nts_do_authenticated_ntp_sync: cookies left after consume: 7
14 Apr 11:20:28 ntpd[12908]: nts_do_authenticated_ntp_sync: returned cookies: 1
14 Apr 11:20:28 ntpd[12908]: nts_do_authenticated_ntp_sync: Cookie[0] 20 d1 f8 a0 3b 62 b6 f6 ...
14 Apr 11:20:28 ntpd[12908]: nts_do_authenticated_ntp_sync: Cookie[1] 20 d1 f8 a0 63 b1 43 64 ...
14 Apr 11:20:28 ntpd[12908]: nts_do_authenticated_ntp_sync: Cookie[2] 20 d1 f8 a0 5d f9 f0 2b ...
14 Apr 11:20:28 ntpd[12908]: nts_do_authenticated_ntp_sync: Cookie[3] 20 d1 f8 a0 88 c4 6b 8e ...
14 Apr 11:20:28 ntpd[12908]: nts_do_authenticated_ntp_sync: Cookie[4] 20 d1 f8 a0 f3 c0 0e 93 ...
14 Apr 11:20:28 ntpd[12908]: nts_do_authenticated_ntp_sync: Cookie[5] 20 d1 f8 a0 6f 96 21 8d ...
14 Apr 11:20:28 ntpd[12908]: nts_do_authenticated_ntp_sync: Cookie[6] 20 d1 f8 a0 95 04 f6 1e ...
14 Apr 11:20:28 ntpd[12908]: nts_do_authenticated_ntp_sync: Cookie[7] 20 d1 f8 a0 a3 22 1a ad ...
14 Apr 11:20:28 ntpd[12908]: nts_update_cookies_in_session: refreshed cookies saved to: C:\Users\sebi\AppData\Local\Temp\NTSClient\lul1.nts.netnod.se.sqlite
14 Apr 11:20:28 ntpd[12908]: nts_do_authenticated_ntp_sync: T1 client send    = 1776154827.969594955
14 Apr 11:20:28 ntpd[12908]: nts_do_authenticated_ntp_sync: T2 server receive = 1776154828.176391125
14 Apr 11:20:28 ntpd[12908]: nts_do_authenticated_ntp_sync: T3 server xmit    = 1776154828.176395416
14 Apr 11:20:28 ntpd[12908]: nts_do_authenticated_ntp_sync: T4 client recv    = 1776154828.052972794
14 Apr 11:20:28 ntpd[12908]: nts_do_authenticated_ntp_sync: Offset (sec) = 0.165109396
14 Apr 11:20:28 ntpd[12908]: nts_do_authenticated_ntp_sync: Delay  (sec) = 0.083373547
14 Apr 11:20:28 ntpd[12908]: nts_do_authenticated_ntp_sync: Offset (ms)  = 165.109396
14 Apr 11:20:28 ntpd[12908]: nts_do_authenticated_ntp_sync: Delay  (ms)  = 83.373547
14 Apr 11:20:28 ntpd[12908]: NTS:peer_xmit---has NTS_FLAG
14 Apr 11:20:28 ntpd[12908]: nts_run_peer_sync: loaded cached NTS session from C:\Users\sebi\AppData\Local\Temp\NTSClient\mmo1.nts.netnod.se.sqlite
14 Apr 11:20:28 ntpd[12908]: nts_aead_seal: AEAD=15 key=32 aad=188 pt=0
14 Apr 11:20:28 ntpd[12908]: nts_aead_seal: success nonce=16 ciphertext=16
14 Apr 11:20:28 ntpd[12908]: nts_append_nts_authenticator_ef: nonceLen=16 ctLen=16 extraPadding=0
14 Apr 11:20:28 ntpd[12908]: nts_do_authenticated_ntp_sync: received UDP NTP response: 228 bytes
14 Apr 11:20:28 ntpd[12908]: nts_aead_open: AEAD=15 key=32 aad=84 nonce=16 ct=120
14 Apr 11:20:28 ntpd[12908]: nts_do_authenticated_ntp_sync: authenticated NTP response verified successfully
14 Apr 11:20:28 ntpd[12908]: nts_do_authenticated_ntp_sync: decrypted inner EF bytes: 104
14 Apr 11:20:28 ntpd[12908]: nts_do_authenticated_ntp_sync: cookies left after consume: 7
14 Apr 11:20:28 ntpd[12908]: nts_do_authenticated_ntp_sync: returned cookies: 1
14 Apr 11:20:28 ntpd[12908]: nts_do_authenticated_ntp_sync: Cookie[0] cd 30 d3 22 05 d7 85 23 ...
14 Apr 11:20:28 ntpd[12908]: nts_do_authenticated_ntp_sync: Cookie[1] cd 30 d3 22 71 3f 65 14 ...
14 Apr 11:20:28 ntpd[12908]: nts_do_authenticated_ntp_sync: Cookie[2] cd 30 d3 22 85 86 24 d0 ...
14 Apr 11:20:28 ntpd[12908]: nts_do_authenticated_ntp_sync: Cookie[3] cd 30 d3 22 a1 44 32 75 ...
14 Apr 11:20:28 ntpd[12908]: nts_do_authenticated_ntp_sync: Cookie[4] cd 30 d3 22 ac fd a5 ce ...
14 Apr 11:20:28 ntpd[12908]: nts_do_authenticated_ntp_sync: Cookie[5] cd 30 d3 22 d8 88 b5 f6 ...
14 Apr 11:20:28 ntpd[12908]: nts_do_authenticated_ntp_sync: Cookie[6] cd 30 d3 22 e3 fb 53 13 ...
14 Apr 11:20:28 ntpd[12908]: nts_do_authenticated_ntp_sync: Cookie[7] cd 30 d3 22 19 31 24 50 ...
14 Apr 11:20:28 ntpd[12908]: nts_update_cookies_in_session: refreshed cookies saved to: C:\Users\sebi\AppData\Local\Temp\NTSClient\mmo1.nts.netnod.se.sqlite
14 Apr 11:20:28 ntpd[12908]: nts_do_authenticated_ntp_sync: T1 client send    = 1776154828.884763718
14 Apr 11:20:28 ntpd[12908]: nts_do_authenticated_ntp_sync: T2 server receive = 1776154829.088144541
14 Apr 11:20:28 ntpd[12908]: nts_do_authenticated_ntp_sync: T3 server xmit    = 1776154829.088149071
14 Apr 11:20:28 ntpd[12908]: nts_do_authenticated_ntp_sync: T4 client recv    = 1776154828.952741623
14 Apr 11:20:28 ntpd[12908]: nts_do_authenticated_ntp_sync: Offset (sec) = 0.169394135
14 Apr 11:20:28 ntpd[12908]: nts_do_authenticated_ntp_sync: Delay  (sec) = 0.067973375
14 Apr 11:20:28 ntpd[12908]: nts_do_authenticated_ntp_sync: Offset (ms)  = 169.394135
14 Apr 11:20:28 ntpd[12908]: nts_do_authenticated_ntp_sync: Delay  (ms)  = 67.973375
14 Apr 11:20:29 ntpd[12908]: NTS:peer_xmit---has NTS_FLAG
14 Apr 11:20:29 ntpd[12908]: nts_run_peer_sync: loaded cached NTS session from C:\Users\sebi\AppData\Local\Temp\NTSClient\sth1.nts.netnod.se.sqlite
14 Apr 11:20:29 ntpd[12908]: nts_aead_seal: AEAD=15 key=32 aad=188 pt=0
14 Apr 11:20:29 ntpd[12908]: nts_aead_seal: success nonce=16 ciphertext=16
14 Apr 11:20:29 ntpd[12908]: nts_append_nts_authenticator_ef: nonceLen=16 ctLen=16 extraPadding=0
14 Apr 11:20:29 ntpd[12908]: nts_do_authenticated_ntp_sync: received UDP NTP response: 228 bytes
14 Apr 11:20:29 ntpd[12908]: nts_aead_open: AEAD=15 key=32 aad=84 nonce=16 ct=120
14 Apr 11:20:29 ntpd[12908]: nts_do_authenticated_ntp_sync: authenticated NTP response verified successfully
14 Apr 11:20:29 ntpd[12908]: nts_do_authenticated_ntp_sync: decrypted inner EF bytes: 104
14 Apr 11:20:29 ntpd[12908]: nts_do_authenticated_ntp_sync: cookies left after consume: 7
14 Apr 11:20:29 ntpd[12908]: nts_do_authenticated_ntp_sync: returned cookies: 1
14 Apr 11:20:29 ntpd[12908]: nts_do_authenticated_ntp_sync: Cookie[0] f7 5e cf 63 e1 2b 2d e8 ...
14 Apr 11:20:29 ntpd[12908]: nts_do_authenticated_ntp_sync: Cookie[1] f7 5e cf 63 1e 7a f8 17 ...
14 Apr 11:20:29 ntpd[12908]: nts_do_authenticated_ntp_sync: Cookie[2] f7 5e cf 63 c8 d6 34 a3 ...
14 Apr 11:20:29 ntpd[12908]: nts_do_authenticated_ntp_sync: Cookie[3] f7 5e cf 63 38 e6 e3 0c ...
14 Apr 11:20:29 ntpd[12908]: nts_do_authenticated_ntp_sync: Cookie[4] f7 5e cf 63 81 e8 6b 7c ...
14 Apr 11:20:29 ntpd[12908]: nts_do_authenticated_ntp_sync: Cookie[5] f7 5e cf 63 76 37 c5 61 ...
14 Apr 11:20:29 ntpd[12908]: nts_do_authenticated_ntp_sync: Cookie[6] f7 5e cf 63 91 81 6b 3b ...
14 Apr 11:20:29 ntpd[12908]: nts_do_authenticated_ntp_sync: Cookie[7] f7 5e cf 63 f6 b0 f5 13 ...
14 Apr 11:20:29 ntpd[12908]: nts_update_cookies_in_session: refreshed cookies saved to: C:\Users\sebi\AppData\Local\Temp\NTSClient\sth1.nts.netnod.se.sqlite
14 Apr 11:20:29 ntpd[12908]: nts_do_authenticated_ntp_sync: T1 client send    = 1776154829.885917664
14 Apr 11:20:29 ntpd[12908]: nts_do_authenticated_ntp_sync: T2 server receive = 1776154830.089843750
14 Apr 11:20:29 ntpd[12908]: nts_do_authenticated_ntp_sync: T3 server xmit    = 1776154830.089848280
14 Apr 11:20:29 ntpd[12908]: nts_do_authenticated_ntp_sync: T4 client recv    = 1776154829.950037003
14 Apr 11:20:29 ntpd[12908]: nts_do_authenticated_ntp_sync: Offset (sec) = 0.171868682
14 Apr 11:20:29 ntpd[12908]: nts_do_authenticated_ntp_sync: Delay  (sec) = 0.064114809
14 Apr 11:20:29 ntpd[12908]: nts_do_authenticated_ntp_sync: Offset (ms)  = 171.868682
14 Apr 11:20:29 ntpd[12908]: nts_do_authenticated_ntp_sync: Delay  (ms)  = 64.114809
14 Apr 11:20:29 ntpd[12908]: NTS:peer_xmit---has NTS_FLAG
14 Apr 11:20:29 ntpd[12908]: nts_run_peer_sync: loaded cached NTS session from C:\Users\sebi\AppData\Local\Temp\NTSClient\lul2.nts.netnod.se.sqlite
14 Apr 11:20:29 ntpd[12908]: nts_aead_seal: AEAD=15 key=32 aad=188 pt=0
14 Apr 11:20:29 ntpd[12908]: nts_aead_seal: success nonce=16 ciphertext=16
14 Apr 11:20:29 ntpd[12908]: nts_append_nts_authenticator_ef: nonceLen=16 ctLen=16 extraPadding=0
14 Apr 11:20:30 ntpd[12908]: nts_do_authenticated_ntp_sync: received UDP NTP response: 228 bytes
14 Apr 11:20:30 ntpd[12908]: nts_aead_open: AEAD=15 key=32 aad=84 nonce=16 ct=120
14 Apr 11:20:30 ntpd[12908]: nts_do_authenticated_ntp_sync: authenticated NTP response verified successfully
14 Apr 11:20:30 ntpd[12908]: nts_do_authenticated_ntp_sync: decrypted inner EF bytes: 104
14 Apr 11:20:30 ntpd[12908]: nts_do_authenticated_ntp_sync: cookies left after consume: 7
14 Apr 11:20:30 ntpd[12908]: nts_do_authenticated_ntp_sync: returned cookies: 1
14 Apr 11:20:30 ntpd[12908]: nts_do_authenticated_ntp_sync: Cookie[0] 20 d1 f8 a0 0f ff b1 33 ...
14 Apr 11:20:30 ntpd[12908]: nts_do_authenticated_ntp_sync: Cookie[1] 20 d1 f8 a0 3e f5 e0 44 ...
14 Apr 11:20:30 ntpd[12908]: nts_do_authenticated_ntp_sync: Cookie[2] 20 d1 f8 a0 d8 62 1c fb ...
14 Apr 11:20:30 ntpd[12908]: nts_do_authenticated_ntp_sync: Cookie[3] 20 d1 f8 a0 1c 00 df f3 ...
14 Apr 11:20:30 ntpd[12908]: nts_do_authenticated_ntp_sync: Cookie[4] 20 d1 f8 a0 95 5d 49 d1 ...
14 Apr 11:20:30 ntpd[12908]: nts_do_authenticated_ntp_sync: Cookie[5] 20 d1 f8 a0 75 a7 a3 76 ...
14 Apr 11:20:30 ntpd[12908]: nts_do_authenticated_ntp_sync: Cookie[6] 20 d1 f8 a0 f4 3f 23 82 ...
14 Apr 11:20:30 ntpd[12908]: nts_do_authenticated_ntp_sync: Cookie[7] 20 d1 f8 a0 a1 99 56 7d ...
14 Apr 11:20:30 ntpd[12908]: nts_update_cookies_in_session: refreshed cookies saved to: C:\Users\sebi\AppData\Local\Temp\NTSClient\lul2.nts.netnod.se.sqlite
14 Apr 11:20:30 ntpd[12908]: nts_do_authenticated_ntp_sync: T1 client send    = 1776154829.977344513
14 Apr 11:20:30 ntpd[12908]: nts_do_authenticated_ntp_sync: T2 server receive = 1776154830.173807621
14 Apr 11:20:30 ntpd[12908]: nts_do_authenticated_ntp_sync: T3 server xmit    = 1776154830.173812151
14 Apr 11:20:30 ntpd[12908]: nts_do_authenticated_ntp_sync: T4 client recv    = 1776154830.049365997
14 Apr 11:20:30 ntpd[12908]: nts_do_authenticated_ntp_sync: Offset (sec) = 0.160454631
14 Apr 11:20:30 ntpd[12908]: nts_do_authenticated_ntp_sync: Delay  (sec) = 0.072016954
14 Apr 11:20:30 ntpd[12908]: nts_do_authenticated_ntp_sync: Offset (ms)  = 160.454631
14 Apr 11:20:30 ntpd[12908]: nts_do_authenticated_ntp_sync: Delay  (ms)  = 72.016954
14 Apr 11:20:30 ntpd[12908]: NTS:peer_xmit---has NTS_FLAG
14 Apr 11:20:30 ntpd[12908]: nts_run_peer_sync: loaded cached NTS session from C:\Users\sebi\AppData\Local\Temp\NTSClient\sth2.nts.netnod.se.sqlite
14 Apr 11:20:30 ntpd[12908]: nts_aead_seal: AEAD=15 key=32 aad=188 pt=0
14 Apr 11:20:30 ntpd[12908]: nts_aead_seal: success nonce=16 ciphertext=16
14 Apr 11:20:30 ntpd[12908]: nts_append_nts_authenticator_ef: nonceLen=16 ctLen=16 extraPadding=0
14 Apr 11:20:30 ntpd[12908]: nts_do_authenticated_ntp_sync: received UDP NTP response: 228 bytes
14 Apr 11:20:30 ntpd[12908]: nts_aead_open: AEAD=15 key=32 aad=84 nonce=16 ct=120
14 Apr 11:20:30 ntpd[12908]: nts_do_authenticated_ntp_sync: authenticated NTP response verified successfully
14 Apr 11:20:30 ntpd[12908]: nts_do_authenticated_ntp_sync: decrypted inner EF bytes: 104
14 Apr 11:20:30 ntpd[12908]: nts_do_authenticated_ntp_sync: cookies left after consume: 7
14 Apr 11:20:30 ntpd[12908]: nts_do_authenticated_ntp_sync: returned cookies: 1
14 Apr 11:20:30 ntpd[12908]: nts_do_authenticated_ntp_sync: Cookie[0] 90 0c af a8 5a ac 5e 66 ...
14 Apr 11:20:30 ntpd[12908]: nts_do_authenticated_ntp_sync: Cookie[1] f7 5e cf 63 9a dd bf 29 ...
14 Apr 11:20:30 ntpd[12908]: nts_do_authenticated_ntp_sync: Cookie[2] f7 5e cf 63 db 23 65 1e ...
14 Apr 11:20:30 ntpd[12908]: nts_do_authenticated_ntp_sync: Cookie[3] f7 5e cf 63 42 45 12 2f ...
14 Apr 11:20:30 ntpd[12908]: nts_do_authenticated_ntp_sync: Cookie[4] f7 5e cf 63 1a ce e0 6b ...
14 Apr 11:20:30 ntpd[12908]: nts_do_authenticated_ntp_sync: Cookie[5] f7 5e cf 63 14 8e 3b ab ...
14 Apr 11:20:30 ntpd[12908]: nts_do_authenticated_ntp_sync: Cookie[6] f7 5e cf 63 e9 2e 70 08 ...
14 Apr 11:20:30 ntpd[12908]: nts_do_authenticated_ntp_sync: Cookie[7] f7 5e cf 63 ee 69 fa 60 ...
14 Apr 11:20:30 ntpd[12908]: nts_update_cookies_in_session: refreshed cookies saved to: C:\Users\sebi\AppData\Local\Temp\NTSClient\sth2.nts.netnod.se.sqlite
14 Apr 11:20:30 ntpd[12908]: nts_do_authenticated_ntp_sync: T1 client send    = 1776154830.881401062
14 Apr 11:20:30 ntpd[12908]: nts_do_authenticated_ntp_sync: T2 server receive = 1776154831.084565639
14 Apr 11:20:30 ntpd[12908]: nts_do_authenticated_ntp_sync: T3 server xmit    = 1776154831.084570169
14 Apr 11:20:30 ntpd[12908]: nts_do_authenticated_ntp_sync: T4 client recv    = 1776154830.945413589
14 Apr 11:20:30 ntpd[12908]: nts_do_authenticated_ntp_sync: Offset (sec) = 0.171160579
14 Apr 11:20:30 ntpd[12908]: nts_do_authenticated_ntp_sync: Delay  (sec) = 0.064007998
14 Apr 11:20:30 ntpd[12908]: nts_do_authenticated_ntp_sync: Offset (ms)  = 171.160579
14 Apr 11:20:30 ntpd[12908]: nts_do_authenticated_ntp_sync: Delay  (ms)  = 64.007998
14 Apr 11:21:24 ntpd[12908]: NTS:peer_xmit---has NTS_FLAG
14 Apr 11:21:24 ntpd[12908]: nts_run_peer_sync: loaded cached NTS session from C:\Users\sebi\AppData\Local\Temp\NTSClient\1.ntp.ubuntu.com.sqlite
14 Apr 11:21:24 ntpd[12908]: nts_aead_seal: AEAD=15 key=32 aad=184 pt=0
14 Apr 11:21:24 ntpd[12908]: nts_aead_seal: success nonce=16 ciphertext=16
14 Apr 11:21:24 ntpd[12908]: nts_append_nts_authenticator_ef: nonceLen=16 ctLen=16 extraPadding=0
14 Apr 11:21:24 ntpd[12908]: nts_do_authenticated_ntp_sync: received UDP NTP response: 224 bytes
14 Apr 11:21:24 ntpd[12908]: nts_aead_open: AEAD=15 key=32 aad=84 nonce=16 ct=116
14 Apr 11:21:24 ntpd[12908]: nts_do_authenticated_ntp_sync: authenticated NTP response verified successfully
14 Apr 11:21:24 ntpd[12908]: nts_do_authenticated_ntp_sync: decrypted inner EF bytes: 100
14 Apr 11:21:24 ntpd[12908]: nts_do_authenticated_ntp_sync: cookies left after consume: 7
14 Apr 11:21:24 ntpd[12908]: nts_do_authenticated_ntp_sync: returned cookies: 1
14 Apr 11:21:24 ntpd[12908]: nts_do_authenticated_ntp_sync: Cookie[0] 47 d6 d0 67 03 82 b5 c8 ...
14 Apr 11:21:24 ntpd[12908]: nts_do_authenticated_ntp_sync: Cookie[1] 47 d6 d0 67 f8 3f 5b 4f ...
14 Apr 11:21:24 ntpd[12908]: nts_do_authenticated_ntp_sync: Cookie[2] 47 d6 d0 67 68 24 c0 32 ...
14 Apr 11:21:24 ntpd[12908]: nts_do_authenticated_ntp_sync: Cookie[3] 47 d6 d0 67 76 dd ff 79 ...
14 Apr 11:21:24 ntpd[12908]: nts_do_authenticated_ntp_sync: Cookie[4] 47 d6 d0 67 35 3e a2 bb ...
14 Apr 11:21:24 ntpd[12908]: nts_do_authenticated_ntp_sync: Cookie[5] 47 d6 d0 67 87 38 40 3e ...
14 Apr 11:21:24 ntpd[12908]: nts_do_authenticated_ntp_sync: Cookie[6] 47 d6 d0 67 ce b2 80 7b ...
14 Apr 11:21:24 ntpd[12908]: nts_do_authenticated_ntp_sync: Cookie[7] 47 d6 d0 67 f8 45 79 19 ...
14 Apr 11:21:24 ntpd[12908]: nts_update_cookies_in_session: refreshed cookies saved to: C:\Users\sebi\AppData\Local\Temp\NTSClient\1.ntp.ubuntu.com.sqlite
14 Apr 11:21:24 ntpd[12908]: nts_do_authenticated_ntp_sync: T1 client send    = 1776154884.881469727
14 Apr 11:21:24 ntpd[12908]: nts_do_authenticated_ntp_sync: T2 server receive = 1776154885.074040651
14 Apr 11:21:24 ntpd[12908]: nts_do_authenticated_ntp_sync: T3 server xmit    = 1776154885.074100256
14 Apr 11:21:24 ntpd[12908]: nts_do_authenticated_ntp_sync: T4 client recv    = 1776154884.931018829
14 Apr 11:21:24 ntpd[12908]: nts_do_authenticated_ntp_sync: Offset (sec) = 0.167826176
14 Apr 11:21:24 ntpd[12908]: nts_do_authenticated_ntp_sync: Delay  (sec) = 0.049489498
14 Apr 11:21:24 ntpd[12908]: nts_do_authenticated_ntp_sync: Offset (ms)  = 167.826176
14 Apr 11:21:24 ntpd[12908]: nts_do_authenticated_ntp_sync: Delay  (ms)  = 49.489498
14 Apr 11:21:25 ntpd[12908]: NTS:peer_xmit---has NTS_FLAG
14 Apr 11:21:25 ntpd[12908]: nts_run_peer_sync: loaded cached NTS session from C:\Users\sebi\AppData\Local\Temp\NTSClient\2.ntp.ubuntu.com.sqlite
14 Apr 11:21:25 ntpd[12908]: nts_aead_seal: AEAD=15 key=32 aad=184 pt=0
14 Apr 11:21:25 ntpd[12908]: nts_aead_seal: success nonce=16 ciphertext=16
14 Apr 11:21:25 ntpd[12908]: nts_append_nts_authenticator_ef: nonceLen=16 ctLen=16 extraPadding=0
14 Apr 11:21:30 ntpd[12908]: nts_send_udp_and_receive: recvfrom failed or timed out, WSAGetLastError=10060
14 Apr 11:21:30 ntpd[12908]: nts_do_authenticated_ntp_sync: nts_send_udp_and_receive failed
14 Apr 11:21:30 ntpd[12908]: nts_run_peer_sync: cached authenticated NTP failed due to network; keeping cached session
14 Apr 11:21:34 ntpd[12908]: NTS:peer_xmit---has NTS_FLAG
14 Apr 11:21:34 ntpd[12908]: nts_run_peer_sync: loaded cached NTS session from C:\Users\sebi\AppData\Local\Temp\NTSClient\4.ntp.ubuntu.com.sqlite
14 Apr 11:21:34 ntpd[12908]: nts_aead_seal: AEAD=15 key=32 aad=184 pt=0
14 Apr 11:21:34 ntpd[12908]: nts_aead_seal: success nonce=16 ciphertext=16
14 Apr 11:21:34 ntpd[12908]: nts_append_nts_authenticator_ef: nonceLen=16 ctLen=16 extraPadding=0
14 Apr 11:21:35 ntpd[12908]: nts_do_authenticated_ntp_sync: received UDP NTP response: 224 bytes
14 Apr 11:21:35 ntpd[12908]: nts_aead_open: AEAD=15 key=32 aad=84 nonce=16 ct=116
14 Apr 11:21:35 ntpd[12908]: nts_do_authenticated_ntp_sync: authenticated NTP response verified successfully
14 Apr 11:21:35 ntpd[12908]: nts_do_authenticated_ntp_sync: decrypted inner EF bytes: 100
14 Apr 11:21:35 ntpd[12908]: nts_do_authenticated_ntp_sync: cookies left after consume: 7
14 Apr 11:21:35 ntpd[12908]: nts_do_authenticated_ntp_sync: returned cookies: 1
14 Apr 11:21:35 ntpd[12908]: nts_do_authenticated_ntp_sync: Cookie[0] 10 f2 9c 61 93 d5 d8 c3 ...
14 Apr 11:21:35 ntpd[12908]: nts_do_authenticated_ntp_sync: Cookie[1] 10 f2 9c 61 a1 e7 7a ef ...
14 Apr 11:21:35 ntpd[12908]: nts_do_authenticated_ntp_sync: Cookie[2] 10 f2 9c 61 f0 42 94 92 ...
14 Apr 11:21:35 ntpd[12908]: nts_do_authenticated_ntp_sync: Cookie[3] 10 f2 9c 61 a0 36 43 07 ...
14 Apr 11:21:35 ntpd[12908]: nts_do_authenticated_ntp_sync: Cookie[4] 10 f2 9c 61 63 e8 3a 89 ...
14 Apr 11:21:35 ntpd[12908]: nts_do_authenticated_ntp_sync: Cookie[5] 10 f2 9c 61 b8 c5 27 50 ...
14 Apr 11:21:35 ntpd[12908]: nts_do_authenticated_ntp_sync: Cookie[6] 10 f2 9c 61 52 fd f7 93 ...
14 Apr 11:21:35 ntpd[12908]: nts_do_authenticated_ntp_sync: Cookie[7] 10 f2 9c 61 01 9d a1 d6 ...
14 Apr 11:21:35 ntpd[12908]: nts_update_cookies_in_session: refreshed cookies saved to: C:\Users\sebi\AppData\Local\Temp\NTSClient\4.ntp.ubuntu.com.sqlite
14 Apr 11:21:35 ntpd[12908]: nts_do_authenticated_ntp_sync: T1 client send    = 1776154894.887248993
14 Apr 11:21:35 ntpd[12908]: nts_do_authenticated_ntp_sync: T2 server receive = 1776154895.116541624
14 Apr 11:21:35 ntpd[12908]: nts_do_authenticated_ntp_sync: T3 server xmit    = 1776154895.116590500
14 Apr 11:21:35 ntpd[12908]: nts_do_authenticated_ntp_sync: T4 client recv    = 1776154895.030918121
14 Apr 11:21:35 ntpd[12908]: nts_do_authenticated_ntp_sync: Offset (sec) = 0.157482505
14 Apr 11:21:35 ntpd[12908]: nts_do_authenticated_ntp_sync: Delay  (sec) = 0.143620253
14 Apr 11:21:35 ntpd[12908]: nts_do_authenticated_ntp_sync: Offset (ms)  = 157.482505
14 Apr 11:21:35 ntpd[12908]: nts_do_authenticated_ntp_sync: Delay  (ms)  = 143.620253
14 Apr 11:21:35 ntpd[12908]: NTS:peer_xmit---has NTS_FLAG
14 Apr 11:21:35 ntpd[12908]: nts_run_peer_sync: loaded cached NTS session from C:\Users\sebi\AppData\Local\Temp\NTSClient\mmo2.nts.netnod.se.sqlite
14 Apr 11:21:35 ntpd[12908]: nts_aead_seal: AEAD=15 key=32 aad=188 pt=0
14 Apr 11:21:35 ntpd[12908]: nts_aead_seal: success nonce=16 ciphertext=16
14 Apr 11:21:35 ntpd[12908]: nts_append_nts_authenticator_ef: nonceLen=16 ctLen=16 extraPadding=0
14 Apr 11:21:35 ntpd[12908]: nts_do_authenticated_ntp_sync: received UDP NTP response: 228 bytes
14 Apr 11:21:35 ntpd[12908]: nts_aead_open: AEAD=15 key=32 aad=84 nonce=16 ct=120
14 Apr 11:21:35 ntpd[12908]: nts_do_authenticated_ntp_sync: authenticated NTP response verified successfully
14 Apr 11:21:35 ntpd[12908]: nts_do_authenticated_ntp_sync: decrypted inner EF bytes: 104
14 Apr 11:21:35 ntpd[12908]: nts_do_authenticated_ntp_sync: cookies left after consume: 7
14 Apr 11:21:35 ntpd[12908]: nts_do_authenticated_ntp_sync: returned cookies: 1
14 Apr 11:21:35 ntpd[12908]: nts_do_authenticated_ntp_sync: Cookie[0] cd 30 d3 22 d1 2a 5b 89 ...
14 Apr 11:21:35 ntpd[12908]: nts_do_authenticated_ntp_sync: Cookie[1] cd 30 d3 22 ae eb da 9e ...
14 Apr 11:21:35 ntpd[12908]: nts_do_authenticated_ntp_sync: Cookie[2] cd 30 d3 22 b1 8f 10 b1 ...
14 Apr 11:21:35 ntpd[12908]: nts_do_authenticated_ntp_sync: Cookie[3] cd 30 d3 22 dd 67 80 92 ...
14 Apr 11:21:35 ntpd[12908]: nts_do_authenticated_ntp_sync: Cookie[4] cd 30 d3 22 af 98 7e 68 ...
14 Apr 11:21:35 ntpd[12908]: nts_do_authenticated_ntp_sync: Cookie[5] cd 30 d3 22 c5 9c ed 14 ...
14 Apr 11:21:35 ntpd[12908]: nts_do_authenticated_ntp_sync: Cookie[6] cd 30 d3 22 2a fb 80 ea ...
14 Apr 11:21:35 ntpd[12908]: nts_do_authenticated_ntp_sync: Cookie[7] cd 30 d3 22 47 c3 0e b1 ...
14 Apr 11:21:35 ntpd[12908]: nts_update_cookies_in_session: refreshed cookies saved to: C:\Users\sebi\AppData\Local\Temp\NTSClient\mmo2.nts.netnod.se.sqlite
14 Apr 11:21:35 ntpd[12908]: nts_do_authenticated_ntp_sync: T1 client send    = 1776154895.894258499
14 Apr 11:21:35 ntpd[12908]: nts_do_authenticated_ntp_sync: T2 server receive = 1776154896.091344833
14 Apr 11:21:35 ntpd[12908]: nts_do_authenticated_ntp_sync: T3 server xmit    = 1776154896.091349125
14 Apr 11:21:35 ntpd[12908]: nts_do_authenticated_ntp_sync: T4 client recv    = 1776154895.960222244
14 Apr 11:21:35 ntpd[12908]: nts_do_authenticated_ntp_sync: Offset (sec) = 0.164106607
14 Apr 11:21:35 ntpd[12908]: nts_do_authenticated_ntp_sync: Delay  (sec) = 0.065959454
14 Apr 11:21:35 ntpd[12908]: nts_do_authenticated_ntp_sync: Offset (ms)  = 164.106607
14 Apr 11:21:35 ntpd[12908]: nts_do_authenticated_ntp_sync: Delay  (ms)  = 65.959454
14 Apr 11:21:37 ntpd[12908]: NTS:peer_xmit---has NTS_FLAG
14 Apr 11:21:37 ntpd[12908]: nts_run_peer_sync: loaded cached NTS session from C:\Users\sebi\AppData\Local\Temp\NTSClient\3.ntp.ubuntu.com.sqlite
14 Apr 11:21:37 ntpd[12908]: nts_aead_seal: AEAD=15 key=32 aad=184 pt=0
14 Apr 11:21:37 ntpd[12908]: nts_aead_seal: success nonce=16 ciphertext=16
14 Apr 11:21:37 ntpd[12908]: nts_append_nts_authenticator_ef: nonceLen=16 ctLen=16 extraPadding=0
14 Apr 11:21:37 ntpd[12908]: nts_do_authenticated_ntp_sync: received UDP NTP response: 224 bytes
14 Apr 11:21:37 ntpd[12908]: nts_aead_open: AEAD=15 key=32 aad=84 nonce=16 ct=116
14 Apr 11:21:37 ntpd[12908]: nts_do_authenticated_ntp_sync: authenticated NTP response verified successfully
14 Apr 11:21:37 ntpd[12908]: nts_do_authenticated_ntp_sync: decrypted inner EF bytes: 100
14 Apr 11:21:37 ntpd[12908]: nts_do_authenticated_ntp_sync: cookies left after consume: 7
14 Apr 11:21:37 ntpd[12908]: nts_do_authenticated_ntp_sync: returned cookies: 1
14 Apr 11:21:37 ntpd[12908]: nts_do_authenticated_ntp_sync: Cookie[0] 7c 00 6f ec d1 b9 ec 1b ...
14 Apr 11:21:37 ntpd[12908]: nts_do_authenticated_ntp_sync: Cookie[1] 7c 00 6f ec fa 0b 10 21 ...
14 Apr 11:21:37 ntpd[12908]: nts_do_authenticated_ntp_sync: Cookie[2] 7c 00 6f ec 94 b6 65 dc ...
14 Apr 11:21:37 ntpd[12908]: nts_do_authenticated_ntp_sync: Cookie[3] 7c 00 6f ec c6 a0 c9 9a ...
14 Apr 11:21:37 ntpd[12908]: nts_do_authenticated_ntp_sync: Cookie[4] 7c 00 6f ec 7c 3d 31 40 ...
14 Apr 11:21:37 ntpd[12908]: nts_do_authenticated_ntp_sync: Cookie[5] 7c 00 6f ec cc 07 ab db ...
14 Apr 11:21:37 ntpd[12908]: nts_do_authenticated_ntp_sync: Cookie[6] 7c 00 6f ec a6 8f 2c 0b ...
14 Apr 11:21:37 ntpd[12908]: nts_do_authenticated_ntp_sync: Cookie[7] 7c 00 6f ec 3d 07 76 de ...
14 Apr 11:21:37 ntpd[12908]: nts_update_cookies_in_session: refreshed cookies saved to: C:\Users\sebi\AppData\Local\Temp\NTSClient\3.ntp.ubuntu.com.sqlite
14 Apr 11:21:37 ntpd[12908]: nts_do_authenticated_ntp_sync: T1 client send    = 1776154897.087034225
14 Apr 11:21:37 ntpd[12908]: nts_do_authenticated_ntp_sync: T2 server receive = 1776154897.328055382
14 Apr 11:21:37 ntpd[12908]: nts_do_authenticated_ntp_sync: T3 server xmit    = 1776154897.328115940
14 Apr 11:21:37 ntpd[12908]: nts_do_authenticated_ntp_sync: T4 client recv    = 1776154897.220285416
14 Apr 11:21:37 ntpd[12908]: nts_do_authenticated_ntp_sync: Offset (sec) = 0.174425840
14 Apr 11:21:37 ntpd[12908]: nts_do_authenticated_ntp_sync: Delay  (sec) = 0.133190632
14 Apr 11:21:37 ntpd[12908]: nts_do_authenticated_ntp_sync: Offset (ms)  = 174.425840
14 Apr 11:21:37 ntpd[12908]: nts_do_authenticated_ntp_sync: Delay  (ms)  = 133.190632
14 Apr 11:21:37 ntpd[12908]: NTS:peer_xmit---has NTS_FLAG
14 Apr 11:21:37 ntpd[12908]: nts_run_peer_sync: loaded cached NTS session from C:\Users\sebi\AppData\Local\Temp\NTSClient\sth1.nts.netnod.se.sqlite
14 Apr 11:21:37 ntpd[12908]: nts_aead_seal: AEAD=15 key=32 aad=188 pt=0
14 Apr 11:21:37 ntpd[12908]: nts_aead_seal: success nonce=16 ciphertext=16
14 Apr 11:21:37 ntpd[12908]: nts_append_nts_authenticator_ef: nonceLen=16 ctLen=16 extraPadding=0
14 Apr 11:21:37 ntpd[12908]: nts_do_authenticated_ntp_sync: received UDP NTP response: 228 bytes
14 Apr 11:21:37 ntpd[12908]: nts_aead_open: AEAD=15 key=32 aad=84 nonce=16 ct=120
14 Apr 11:21:37 ntpd[12908]: nts_do_authenticated_ntp_sync: authenticated NTP response verified successfully
14 Apr 11:21:37 ntpd[12908]: nts_do_authenticated_ntp_sync: decrypted inner EF bytes: 104
14 Apr 11:21:37 ntpd[12908]: nts_do_authenticated_ntp_sync: cookies left after consume: 7
14 Apr 11:21:37 ntpd[12908]: nts_do_authenticated_ntp_sync: returned cookies: 1
14 Apr 11:21:37 ntpd[12908]: nts_do_authenticated_ntp_sync: Cookie[0] f7 5e cf 63 1e 7a f8 17 ...
14 Apr 11:21:37 ntpd[12908]: nts_do_authenticated_ntp_sync: Cookie[1] f7 5e cf 63 c8 d6 34 a3 ...
14 Apr 11:21:37 ntpd[12908]: nts_do_authenticated_ntp_sync: Cookie[2] f7 5e cf 63 38 e6 e3 0c ...
14 Apr 11:21:37 ntpd[12908]: nts_do_authenticated_ntp_sync: Cookie[3] f7 5e cf 63 81 e8 6b 7c ...
14 Apr 11:21:37 ntpd[12908]: nts_do_authenticated_ntp_sync: Cookie[4] f7 5e cf 63 76 37 c5 61 ...
14 Apr 11:21:37 ntpd[12908]: nts_do_authenticated_ntp_sync: Cookie[5] f7 5e cf 63 91 81 6b 3b ...
14 Apr 11:21:37 ntpd[12908]: nts_do_authenticated_ntp_sync: Cookie[6] f7 5e cf 63 f6 b0 f5 13 ...
14 Apr 11:21:37 ntpd[12908]: nts_do_authenticated_ntp_sync: Cookie[7] f7 5e cf 63 19 7a 7b 47 ...
14 Apr 11:21:37 ntpd[12908]: nts_update_cookies_in_session: refreshed cookies saved to: C:\Users\sebi\AppData\Local\Temp\NTSClient\sth1.nts.netnod.se.sqlite
14 Apr 11:21:37 ntpd[12908]: nts_do_authenticated_ntp_sync: T1 client send    = 1776154897.882738113
14 Apr 11:21:37 ntpd[12908]: nts_do_authenticated_ntp_sync: T2 server receive = 1776154898.086558819
14 Apr 11:21:37 ntpd[12908]: nts_do_authenticated_ntp_sync: T3 server xmit    = 1776154898.086563110
14 Apr 11:21:37 ntpd[12908]: nts_do_authenticated_ntp_sync: T4 client recv    = 1776154897.946332932
14 Apr 11:21:37 ntpd[12908]: nts_do_authenticated_ntp_sync: Offset (sec) = 0.172025442
14 Apr 11:21:37 ntpd[12908]: nts_do_authenticated_ntp_sync: Delay  (sec) = 0.063590527
14 Apr 11:21:37 ntpd[12908]: nts_do_authenticated_ntp_sync: Offset (ms)  = 172.025442
14 Apr 11:21:37 ntpd[12908]: nts_do_authenticated_ntp_sync: Delay  (ms)  = 63.590527
14 Apr 11:21:37 ntpd[12908]: NTS:peer_xmit---has NTS_FLAG
14 Apr 11:21:37 ntpd[12908]: nts_run_peer_sync: loaded cached NTS session from C:\Users\sebi\AppData\Local\Temp\NTSClient\mmo1.nts.netnod.se.sqlite
14 Apr 11:21:37 ntpd[12908]: nts_aead_seal: AEAD=15 key=32 aad=188 pt=0
14 Apr 11:21:37 ntpd[12908]: nts_aead_seal: success nonce=16 ciphertext=16
14 Apr 11:21:37 ntpd[12908]: nts_append_nts_authenticator_ef: nonceLen=16 ctLen=16 extraPadding=0
14 Apr 11:21:38 ntpd[12908]: nts_do_authenticated_ntp_sync: received UDP NTP response: 228 bytes
14 Apr 11:21:38 ntpd[12908]: nts_aead_open: AEAD=15 key=32 aad=84 nonce=16 ct=120
14 Apr 11:21:38 ntpd[12908]: nts_do_authenticated_ntp_sync: authenticated NTP response verified successfully
14 Apr 11:21:38 ntpd[12908]: nts_do_authenticated_ntp_sync: decrypted inner EF bytes: 104
14 Apr 11:21:38 ntpd[12908]: nts_do_authenticated_ntp_sync: cookies left after consume: 7
14 Apr 11:21:38 ntpd[12908]: nts_do_authenticated_ntp_sync: returned cookies: 1
14 Apr 11:21:38 ntpd[12908]: nts_do_authenticated_ntp_sync: Cookie[0] cd 30 d3 22 71 3f 65 14 ...
14 Apr 11:21:38 ntpd[12908]: nts_do_authenticated_ntp_sync: Cookie[1] cd 30 d3 22 85 86 24 d0 ...
14 Apr 11:21:38 ntpd[12908]: nts_do_authenticated_ntp_sync: Cookie[2] cd 30 d3 22 a1 44 32 75 ...
14 Apr 11:21:38 ntpd[12908]: nts_do_authenticated_ntp_sync: Cookie[3] cd 30 d3 22 ac fd a5 ce ...
14 Apr 11:21:38 ntpd[12908]: nts_do_authenticated_ntp_sync: Cookie[4] cd 30 d3 22 d8 88 b5 f6 ...
14 Apr 11:21:38 ntpd[12908]: nts_do_authenticated_ntp_sync: Cookie[5] cd 30 d3 22 e3 fb 53 13 ...
14 Apr 11:21:38 ntpd[12908]: nts_do_authenticated_ntp_sync: Cookie[6] cd 30 d3 22 19 31 24 50 ...
14 Apr 11:21:38 ntpd[12908]: nts_do_authenticated_ntp_sync: Cookie[7] cd 30 d3 22 92 b3 52 a5 ...
14 Apr 11:21:38 ntpd[12908]: nts_update_cookies_in_session: refreshed cookies saved to: C:\Users\sebi\AppData\Local\Temp\NTSClient\mmo1.nts.netnod.se.sqlite
14 Apr 11:21:38 ntpd[12908]: nts_do_authenticated_ntp_sync: T1 client send    = 1776154897.979427338
14 Apr 11:21:38 ntpd[12908]: nts_do_authenticated_ntp_sync: T2 server receive = 1776154898.181646585
14 Apr 11:21:38 ntpd[12908]: nts_do_authenticated_ntp_sync: T3 server xmit    = 1776154898.181650877
14 Apr 11:21:38 ntpd[12908]: nts_do_authenticated_ntp_sync: T4 client recv    = 1776154898.051418304
14 Apr 11:21:38 ntpd[12908]: nts_do_authenticated_ntp_sync: Offset (sec) = 0.166225910
14 Apr 11:21:38 ntpd[12908]: nts_do_authenticated_ntp_sync: Delay  (sec) = 0.071986675
14 Apr 11:21:38 ntpd[12908]: nts_do_authenticated_ntp_sync: Offset (ms)  = 166.225910
14 Apr 11:21:38 ntpd[12908]: nts_do_authenticated_ntp_sync: Delay  (ms)  = 71.986675
14 Apr 11:21:38 ntpd[12908]: NTS:peer_xmit---has NTS_FLAG
14 Apr 11:21:38 ntpd[12908]: nts_run_peer_sync: loaded cached NTS session from C:\Users\sebi\AppData\Local\Temp\NTSClient\sth2.nts.netnod.se.sqlite
14 Apr 11:21:38 ntpd[12908]: nts_aead_seal: AEAD=15 key=32 aad=188 pt=0
14 Apr 11:21:38 ntpd[12908]: nts_aead_seal: success nonce=16 ciphertext=16
14 Apr 11:21:38 ntpd[12908]: nts_append_nts_authenticator_ef: nonceLen=16 ctLen=16 extraPadding=0
14 Apr 11:21:38 ntpd[12908]: nts_do_authenticated_ntp_sync: received UDP NTP response: 228 bytes
14 Apr 11:21:38 ntpd[12908]: nts_aead_open: AEAD=15 key=32 aad=84 nonce=16 ct=120
14 Apr 11:21:38 ntpd[12908]: nts_do_authenticated_ntp_sync: authenticated NTP response verified successfully
14 Apr 11:21:38 ntpd[12908]: nts_do_authenticated_ntp_sync: decrypted inner EF bytes: 104
14 Apr 11:21:38 ntpd[12908]: nts_do_authenticated_ntp_sync: cookies left after consume: 7
14 Apr 11:21:38 ntpd[12908]: nts_do_authenticated_ntp_sync: returned cookies: 1
14 Apr 11:21:38 ntpd[12908]: nts_do_authenticated_ntp_sync: Cookie[0] f7 5e cf 63 9a dd bf 29 ...
14 Apr 11:21:38 ntpd[12908]: nts_do_authenticated_ntp_sync: Cookie[1] f7 5e cf 63 db 23 65 1e ...
14 Apr 11:21:38 ntpd[12908]: nts_do_authenticated_ntp_sync: Cookie[2] f7 5e cf 63 42 45 12 2f ...
14 Apr 11:21:38 ntpd[12908]: nts_do_authenticated_ntp_sync: Cookie[3] f7 5e cf 63 1a ce e0 6b ...
14 Apr 11:21:38 ntpd[12908]: nts_do_authenticated_ntp_sync: Cookie[4] f7 5e cf 63 14 8e 3b ab ...
14 Apr 11:21:38 ntpd[12908]: nts_do_authenticated_ntp_sync: Cookie[5] f7 5e cf 63 e9 2e 70 08 ...
14 Apr 11:21:38 ntpd[12908]: nts_do_authenticated_ntp_sync: Cookie[6] f7 5e cf 63 ee 69 fa 60 ...
14 Apr 11:21:38 ntpd[12908]: nts_do_authenticated_ntp_sync: Cookie[7] f7 5e cf 63 98 b2 cb 9a ...
14 Apr 11:21:38 ntpd[12908]: nts_update_cookies_in_session: refreshed cookies saved to: C:\Users\sebi\AppData\Local\Temp\NTSClient\sth2.nts.netnod.se.sqlite
14 Apr 11:21:38 ntpd[12908]: nts_do_authenticated_ntp_sync: T1 client send    = 1776154898.882188797
14 Apr 11:21:38 ntpd[12908]: nts_do_authenticated_ntp_sync: T2 server receive = 1776154899.085920811
14 Apr 11:21:38 ntpd[12908]: nts_do_authenticated_ntp_sync: T3 server xmit    = 1776154899.085925341
14 Apr 11:21:38 ntpd[12908]: nts_do_authenticated_ntp_sync: T4 client recv    = 1776154898.945451736
14 Apr 11:21:38 ntpd[12908]: nts_do_authenticated_ntp_sync: Offset (sec) = 0.172102809
14 Apr 11:21:38 ntpd[12908]: nts_do_authenticated_ntp_sync: Delay  (sec) = 0.063258410
14 Apr 11:21:38 ntpd[12908]: nts_do_authenticated_ntp_sync: Offset (ms)  = 172.102809
14 Apr 11:21:38 ntpd[12908]: nts_do_authenticated_ntp_sync: Delay  (ms)  = 63.258410
14 Apr 11:21:38 ntpd[12908]: NTS:peer_xmit---has NTS_FLAG
14 Apr 11:21:38 ntpd[12908]: nts_run_peer_sync: loaded cached NTS session from C:\Users\sebi\AppData\Local\Temp\NTSClient\lul1.nts.netnod.se.sqlite
14 Apr 11:21:38 ntpd[12908]: nts_aead_seal: AEAD=15 key=32 aad=188 pt=0
14 Apr 11:21:38 ntpd[12908]: nts_aead_seal: success nonce=16 ciphertext=16
14 Apr 11:21:38 ntpd[12908]: nts_append_nts_authenticator_ef: nonceLen=16 ctLen=16 extraPadding=0
14 Apr 11:21:39 ntpd[12908]: nts_do_authenticated_ntp_sync: received UDP NTP response: 228 bytes
14 Apr 11:21:39 ntpd[12908]: nts_aead_open: AEAD=15 key=32 aad=84 nonce=16 ct=120
14 Apr 11:21:39 ntpd[12908]: nts_do_authenticated_ntp_sync: authenticated NTP response verified successfully
14 Apr 11:21:39 ntpd[12908]: nts_do_authenticated_ntp_sync: decrypted inner EF bytes: 104
14 Apr 11:21:39 ntpd[12908]: nts_do_authenticated_ntp_sync: cookies left after consume: 7
14 Apr 11:21:39 ntpd[12908]: nts_do_authenticated_ntp_sync: returned cookies: 1
14 Apr 11:21:39 ntpd[12908]: nts_do_authenticated_ntp_sync: Cookie[0] 20 d1 f8 a0 63 b1 43 64 ...
14 Apr 11:21:39 ntpd[12908]: nts_do_authenticated_ntp_sync: Cookie[1] 20 d1 f8 a0 5d f9 f0 2b ...
14 Apr 11:21:39 ntpd[12908]: nts_do_authenticated_ntp_sync: Cookie[2] 20 d1 f8 a0 88 c4 6b 8e ...
14 Apr 11:21:39 ntpd[12908]: nts_do_authenticated_ntp_sync: Cookie[3] 20 d1 f8 a0 f3 c0 0e 93 ...
14 Apr 11:21:39 ntpd[12908]: nts_do_authenticated_ntp_sync: Cookie[4] 20 d1 f8 a0 6f 96 21 8d ...
14 Apr 11:21:39 ntpd[12908]: nts_do_authenticated_ntp_sync: Cookie[5] 20 d1 f8 a0 95 04 f6 1e ...
14 Apr 11:21:39 ntpd[12908]: nts_do_authenticated_ntp_sync: Cookie[6] 20 d1 f8 a0 a3 22 1a ad ...
14 Apr 11:21:39 ntpd[12908]: nts_do_authenticated_ntp_sync: Cookie[7] 20 d1 f8 a0 46 4f fc e7 ...
14 Apr 11:21:39 ntpd[12908]: nts_update_cookies_in_session: refreshed cookies saved to: C:\Users\sebi\AppData\Local\Temp\NTSClient\lul1.nts.netnod.se.sqlite
14 Apr 11:21:39 ntpd[12908]: nts_do_authenticated_ntp_sync: T1 client send    = 1776154898.979337692
14 Apr 11:21:39 ntpd[12908]: nts_do_authenticated_ntp_sync: T2 server receive = 1776154899.185926437
14 Apr 11:21:39 ntpd[12908]: nts_do_authenticated_ntp_sync: T3 server xmit    = 1776154899.185930967
14 Apr 11:21:39 ntpd[12908]: nts_do_authenticated_ntp_sync: T4 client recv    = 1776154899.065832138
14 Apr 11:21:39 ntpd[12908]: nts_do_authenticated_ntp_sync: Offset (sec) = 0.163343787
14 Apr 11:21:39 ntpd[12908]: nts_do_authenticated_ntp_sync: Delay  (sec) = 0.086489916
14 Apr 11:21:39 ntpd[12908]: nts_do_authenticated_ntp_sync: Offset (ms)  = 163.343787
14 Apr 11:21:39 ntpd[12908]: nts_do_authenticated_ntp_sync: Delay  (ms)  = 86.489916
14 Apr 11:21:40 ntpd[12908]: NTS:peer_xmit---has NTS_FLAG
14 Apr 11:21:40 ntpd[12908]: nts_run_peer_sync: loaded cached NTS session from C:\Users\sebi\AppData\Local\Temp\NTSClient\lul2.nts.netnod.se.sqlite
14 Apr 11:21:40 ntpd[12908]: nts_aead_seal: AEAD=15 key=32 aad=188 pt=0
14 Apr 11:21:40 ntpd[12908]: nts_aead_seal: success nonce=16 ciphertext=16
14 Apr 11:21:40 ntpd[12908]: nts_append_nts_authenticator_ef: nonceLen=16 ctLen=16 extraPadding=0
14 Apr 11:21:40 ntpd[12908]: nts_do_authenticated_ntp_sync: received UDP NTP response: 228 bytes
14 Apr 11:21:40 ntpd[12908]: nts_aead_open: AEAD=15 key=32 aad=84 nonce=16 ct=120
14 Apr 11:21:40 ntpd[12908]: nts_do_authenticated_ntp_sync: authenticated NTP response verified successfully
14 Apr 11:21:40 ntpd[12908]: nts_do_authenticated_ntp_sync: decrypted inner EF bytes: 104
14 Apr 11:21:40 ntpd[12908]: nts_do_authenticated_ntp_sync: cookies left after consume: 7
14 Apr 11:21:40 ntpd[12908]: nts_do_authenticated_ntp_sync: returned cookies: 1
14 Apr 11:21:40 ntpd[12908]: nts_do_authenticated_ntp_sync: Cookie[0] 20 d1 f8 a0 3e f5 e0 44 ...
14 Apr 11:21:40 ntpd[12908]: nts_do_authenticated_ntp_sync: Cookie[1] 20 d1 f8 a0 d8 62 1c fb ...
14 Apr 11:21:40 ntpd[12908]: nts_do_authenticated_ntp_sync: Cookie[2] 20 d1 f8 a0 1c 00 df f3 ...
14 Apr 11:21:40 ntpd[12908]: nts_do_authenticated_ntp_sync: Cookie[3] 20 d1 f8 a0 95 5d 49 d1 ...
14 Apr 11:21:40 ntpd[12908]: nts_do_authenticated_ntp_sync: Cookie[4] 20 d1 f8 a0 75 a7 a3 76 ...
14 Apr 11:21:40 ntpd[12908]: nts_do_authenticated_ntp_sync: Cookie[5] 20 d1 f8 a0 f4 3f 23 82 ...
14 Apr 11:21:40 ntpd[12908]: nts_do_authenticated_ntp_sync: Cookie[6] 20 d1 f8 a0 a1 99 56 7d ...
14 Apr 11:21:40 ntpd[12908]: nts_do_authenticated_ntp_sync: Cookie[7] 20 d1 f8 a0 b7 d3 48 8d ...
14 Apr 11:21:40 ntpd[12908]: nts_update_cookies_in_session: refreshed cookies saved to: C:\Users\sebi\AppData\Local\Temp\NTSClient\lul2.nts.netnod.se.sqlite
14 Apr 11:21:40 ntpd[12908]: nts_do_authenticated_ntp_sync: T1 client send    = 1776154900.883853912
14 Apr 11:21:40 ntpd[12908]: nts_do_authenticated_ntp_sync: T2 server receive = 1776154901.081559658
14 Apr 11:21:40 ntpd[12908]: nts_do_authenticated_ntp_sync: T3 server xmit    = 1776154901.081563950
14 Apr 11:21:40 ntpd[12908]: nts_do_authenticated_ntp_sync: T4 client recv    = 1776154900.957851410
14 Apr 11:21:40 ntpd[12908]: nts_do_authenticated_ntp_sync: Offset (sec) = 0.160709143
14 Apr 11:21:40 ntpd[12908]: nts_do_authenticated_ntp_sync: Delay  (sec) = 0.073993206
14 Apr 11:21:40 ntpd[12908]: nts_do_authenticated_ntp_sync: Offset (ms)  = 160.709143
14 Apr 11:21:40 ntpd[12908]: nts_do_authenticated_ntp_sync: Delay  (ms)  = 73.993206
14 Apr 11:22:06 ntpd[12908]: ntservice: The Network Time Protocol Service is stopping.
14 Apr 11:24:12 ntpd[928]: ntpd 4.2.8p18@1.4091-o Apr 14 10:51:57.25 (UTC+03:00) 2026  (39): Starting
14 Apr 11:24:12 ntpd[928]: Command line: ntpd.exe -U 3 -D 2 -M -g -c ntp.conf -l ntp.log
14 Apr 11:24:12 ntpd[928]: ----------------------------------------------------
14 Apr 11:24:12 ntpd[928]: ntp-4 is maintained by Network Time Foundation,
14 Apr 11:24:12 ntpd[928]: Inc. (NTF), a non-profit 501(c)(3) public-benefit
14 Apr 11:24:12 ntpd[928]: corporation.  Support and training for ntp-4 are
14 Apr 11:24:12 ntpd[928]: available at https://www.nwtime.org/support
14 Apr 11:24:12 ntpd[928]: ----------------------------------------------------
14 Apr 11:24:12 ntpd[928]: DEBUG behavior is enabled - a violation of any diagnostic assertion will cause ntpd to abort
14 Apr 11:24:12 ntpd[928]: Raised to realtime priority class
14 Apr 11:24:12 ntpd[928]: Clock interrupt period 15.625 msec
14 Apr 11:24:12 ntpd[928]: Performance counter frequency 10.000 MHz
14 Apr 11:24:12 ntpd[928]: set_process_priority: Leave priority alone: priority_done is <2>
14 Apr 11:24:12 ntpd[928]: proto: precision = 0.300 usec (-22)
14 Apr 11:24:12 ntpd[928]: basedate set to 2026-04-02
14 Apr 11:24:12 ntpd[928]: gps base set to 2026-04-05 (week 2413)
14 Apr 11:24:12 ntpd[928]: Listen and drop on 0 v6wildcard [::]:123
14 Apr 11:24:12 ntpd[928]: Listen and drop on 1 v4wildcard 0.0.0.0:123
14 Apr 11:24:12 ntpd[928]: Listen normally on 2 Ethernet0 2 192.168.1.19:123
14 Apr 11:24:12 ntpd[928]: Listen normally on 3 Loopback Pseudo-Interface 1 [::1]:123
14 Apr 11:24:12 ntpd[928]: Listen normally on 4 Loopback Pseudo-Interface 1 127.0.0.1:123
14 Apr 11:24:13 ntpd[928]: nts_run_peer_sync: loaded cached NTS session from C:\Users\sebi\AppData\Local\Temp\NTSClient\1.ntp.ubuntu.com.sqlite
14 Apr 11:24:13 ntpd[928]: nts_aead_seal: AEAD=15 key=32 aad=184 pt=0
14 Apr 11:24:13 ntpd[928]: nts_aead_seal: success nonce=16 ciphertext=16
14 Apr 11:24:13 ntpd[928]: nts_append_nts_authenticator_ef: nonceLen=16 ctLen=16 extraPadding=0
14 Apr 11:24:13 ntpd[928]: nts_do_authenticated_ntp_sync: received UDP NTP response: 224 bytes
14 Apr 11:24:13 ntpd[928]: nts_aead_open: AEAD=15 key=32 aad=84 nonce=16 ct=116
14 Apr 11:24:13 ntpd[928]: nts_do_authenticated_ntp_sync: authenticated NTP response verified successfully
14 Apr 11:24:13 ntpd[928]: nts_do_authenticated_ntp_sync: decrypted inner EF bytes: 100
14 Apr 11:24:13 ntpd[928]: nts_do_authenticated_ntp_sync: cookies left after consume: 7
14 Apr 11:24:13 ntpd[928]: nts_do_authenticated_ntp_sync: returned cookies: 1
14 Apr 11:24:13 ntpd[928]: nts_do_authenticated_ntp_sync: Cookie[0] 47 d6 d0 67 f8 3f 5b 4f ...
14 Apr 11:24:13 ntpd[928]: nts_do_authenticated_ntp_sync: Cookie[1] 47 d6 d0 67 68 24 c0 32 ...
14 Apr 11:24:13 ntpd[928]: nts_do_authenticated_ntp_sync: Cookie[2] 47 d6 d0 67 76 dd ff 79 ...
14 Apr 11:24:13 ntpd[928]: nts_do_authenticated_ntp_sync: Cookie[3] 47 d6 d0 67 35 3e a2 bb ...
14 Apr 11:24:13 ntpd[928]: nts_do_authenticated_ntp_sync: Cookie[4] 47 d6 d0 67 87 38 40 3e ...
14 Apr 11:24:13 ntpd[928]: nts_do_authenticated_ntp_sync: Cookie[5] 47 d6 d0 67 ce b2 80 7b ...
14 Apr 11:24:13 ntpd[928]: nts_do_authenticated_ntp_sync: Cookie[6] 47 d6 d0 67 f8 45 79 19 ...
14 Apr 11:24:13 ntpd[928]: nts_do_authenticated_ntp_sync: Cookie[7] 47 d6 d0 67 67 25 92 9b ...
14 Apr 11:24:13 ntpd[928]: nts_update_cookies_in_session: refreshed cookies saved to: C:\Users\sebi\AppData\Local\Temp\NTSClient\1.ntp.ubuntu.com.sqlite
14 Apr 11:24:13 ntpd[928]: nts_do_authenticated_ntp_sync: T1 client send    = 1776155053.120361328
14 Apr 11:24:13 ntpd[928]: nts_do_authenticated_ntp_sync: T2 server receive = 1776155053.345782280
14 Apr 11:24:13 ntpd[928]: nts_do_authenticated_ntp_sync: T3 server xmit    = 1776155053.345904827
14 Apr 11:24:13 ntpd[928]: nts_do_authenticated_ntp_sync: T4 client recv    = 1776155053.202045441
14 Apr 11:24:13 ntpd[928]: nts_do_authenticated_ntp_sync: Offset (sec) = 0.184640169
14 Apr 11:24:13 ntpd[928]: nts_do_authenticated_ntp_sync: Delay  (sec) = 0.081561565
14 Apr 11:24:13 ntpd[928]: nts_do_authenticated_ntp_sync: Offset (ms)  = 184.640169
14 Apr 11:24:13 ntpd[928]: nts_do_authenticated_ntp_sync: Delay  (ms)  = 81.561565
14 Apr 11:24:14 ntpd[928]: nts_run_peer_sync: loaded cached NTS session from C:\Users\sebi\AppData\Local\Temp\NTSClient\2.ntp.ubuntu.com.sqlite
14 Apr 11:24:14 ntpd[928]: nts_aead_seal: AEAD=15 key=32 aad=184 pt=0
14 Apr 11:24:14 ntpd[928]: nts_aead_seal: success nonce=16 ciphertext=16
14 Apr 11:24:14 ntpd[928]: nts_append_nts_authenticator_ef: nonceLen=16 ctLen=16 extraPadding=0
14 Apr 11:24:14 ntpd[928]: nts_do_authenticated_ntp_sync: received UDP NTP response: 224 bytes
14 Apr 11:24:14 ntpd[928]: nts_aead_open: AEAD=15 key=32 aad=84 nonce=16 ct=116
14 Apr 11:24:14 ntpd[928]: nts_do_authenticated_ntp_sync: authenticated NTP response verified successfully
14 Apr 11:24:14 ntpd[928]: nts_do_authenticated_ntp_sync: decrypted inner EF bytes: 100
14 Apr 11:24:14 ntpd[928]: nts_do_authenticated_ntp_sync: cookies left after consume: 7
14 Apr 11:24:14 ntpd[928]: nts_do_authenticated_ntp_sync: returned cookies: 1
14 Apr 11:24:14 ntpd[928]: nts_do_authenticated_ntp_sync: Cookie[0] 38 53 3b 4b 40 6e e7 23 ...
14 Apr 11:24:14 ntpd[928]: nts_do_authenticated_ntp_sync: Cookie[1] 38 53 3b 4b e2 4e c9 38 ...
14 Apr 11:24:14 ntpd[928]: nts_do_authenticated_ntp_sync: Cookie[2] 38 53 3b 4b 13 c4 8b 3f ...
14 Apr 11:24:14 ntpd[928]: nts_do_authenticated_ntp_sync: Cookie[3] 38 53 3b 4b 80 c5 3e 66 ...
14 Apr 11:24:14 ntpd[928]: nts_do_authenticated_ntp_sync: Cookie[4] 38 53 3b 4b f0 f3 65 d1 ...
14 Apr 11:24:14 ntpd[928]: nts_do_authenticated_ntp_sync: Cookie[5] 38 53 3b 4b 2f f3 b1 93 ...
14 Apr 11:24:14 ntpd[928]: nts_do_authenticated_ntp_sync: Cookie[6] 38 53 3b 4b d1 30 a3 b3 ...
14 Apr 11:24:14 ntpd[928]: nts_do_authenticated_ntp_sync: Cookie[7] 38 53 3b 4b d2 dd 09 ba ...
14 Apr 11:24:14 ntpd[928]: nts_update_cookies_in_session: refreshed cookies saved to: C:\Users\sebi\AppData\Local\Temp\NTSClient\2.ntp.ubuntu.com.sqlite
14 Apr 11:24:14 ntpd[928]: nts_do_authenticated_ntp_sync: T1 client send    = 1776155054.147226334
14 Apr 11:24:14 ntpd[928]: nts_do_authenticated_ntp_sync: T2 server receive = 1776155054.335871696
14 Apr 11:24:14 ntpd[928]: nts_do_authenticated_ntp_sync: T3 server xmit    = 1776155054.335928202
14 Apr 11:24:14 ntpd[928]: nts_do_authenticated_ntp_sync: T4 client recv    = 1776155054.191610336
14 Apr 11:24:14 ntpd[928]: nts_do_authenticated_ntp_sync: Offset (sec) = 0.166481614
14 Apr 11:24:14 ntpd[928]: nts_do_authenticated_ntp_sync: Delay  (sec) = 0.044327497
14 Apr 11:24:14 ntpd[928]: nts_do_authenticated_ntp_sync: Offset (ms)  = 166.481614
14 Apr 11:24:14 ntpd[928]: nts_do_authenticated_ntp_sync: Delay  (ms)  = 44.327497
14 Apr 11:24:15 ntpd[928]: nts_run_peer_sync: loaded cached NTS session from C:\Users\sebi\AppData\Local\Temp\NTSClient\3.ntp.ubuntu.com.sqlite
14 Apr 11:24:15 ntpd[928]: nts_aead_seal: AEAD=15 key=32 aad=184 pt=0
14 Apr 11:24:15 ntpd[928]: nts_aead_seal: success nonce=16 ciphertext=16
14 Apr 11:24:15 ntpd[928]: nts_append_nts_authenticator_ef: nonceLen=16 ctLen=16 extraPadding=0
14 Apr 11:24:15 ntpd[928]: nts_do_authenticated_ntp_sync: received UDP NTP response: 224 bytes
14 Apr 11:24:15 ntpd[928]: nts_aead_open: AEAD=15 key=32 aad=84 nonce=16 ct=116
14 Apr 11:24:15 ntpd[928]: nts_do_authenticated_ntp_sync: authenticated NTP response verified successfully
14 Apr 11:24:15 ntpd[928]: nts_do_authenticated_ntp_sync: decrypted inner EF bytes: 100
14 Apr 11:24:15 ntpd[928]: nts_do_authenticated_ntp_sync: cookies left after consume: 7
14 Apr 11:24:15 ntpd[928]: nts_do_authenticated_ntp_sync: returned cookies: 1
14 Apr 11:24:15 ntpd[928]: nts_do_authenticated_ntp_sync: Cookie[0] 7c 00 6f ec fa 0b 10 21 ...
14 Apr 11:24:15 ntpd[928]: nts_do_authenticated_ntp_sync: Cookie[1] 7c 00 6f ec 94 b6 65 dc ...
14 Apr 11:24:15 ntpd[928]: nts_do_authenticated_ntp_sync: Cookie[2] 7c 00 6f ec c6 a0 c9 9a ...
14 Apr 11:24:15 ntpd[928]: nts_do_authenticated_ntp_sync: Cookie[3] 7c 00 6f ec 7c 3d 31 40 ...
14 Apr 11:24:15 ntpd[928]: nts_do_authenticated_ntp_sync: Cookie[4] 7c 00 6f ec cc 07 ab db ...
14 Apr 11:24:15 ntpd[928]: nts_do_authenticated_ntp_sync: Cookie[5] 7c 00 6f ec a6 8f 2c 0b ...
14 Apr 11:24:15 ntpd[928]: nts_do_authenticated_ntp_sync: Cookie[6] 7c 00 6f ec 3d 07 76 de ...
14 Apr 11:24:15 ntpd[928]: nts_do_authenticated_ntp_sync: Cookie[7] 7c 00 6f ec dc c0 21 85 ...
14 Apr 11:24:15 ntpd[928]: nts_update_cookies_in_session: refreshed cookies saved to: C:\Users\sebi\AppData\Local\Temp\NTSClient\3.ntp.ubuntu.com.sqlite
14 Apr 11:24:15 ntpd[928]: nts_do_authenticated_ntp_sync: T1 client send    = 1776155055.124870300
14 Apr 11:24:15 ntpd[928]: nts_do_authenticated_ntp_sync: T2 server receive = 1776155055.365609646
14 Apr 11:24:15 ntpd[928]: nts_do_authenticated_ntp_sync: T3 server xmit    = 1776155055.365659475
14 Apr 11:24:15 ntpd[928]: nts_do_authenticated_ntp_sync: T4 client recv    = 1776155055.257173538
14 Apr 11:24:15 ntpd[928]: nts_do_authenticated_ntp_sync: Offset (sec) = 0.174612641
14 Apr 11:24:15 ntpd[928]: nts_do_authenticated_ntp_sync: Delay  (sec) = 0.132253408
14 Apr 11:24:15 ntpd[928]: nts_do_authenticated_ntp_sync: Offset (ms)  = 174.612641
14 Apr 11:24:15 ntpd[928]: nts_do_authenticated_ntp_sync: Delay  (ms)  = 132.253408
14 Apr 11:24:16 ntpd[928]: nts_run_peer_sync: loaded cached NTS session from C:\Users\sebi\AppData\Local\Temp\NTSClient\4.ntp.ubuntu.com.sqlite
14 Apr 11:24:16 ntpd[928]: nts_aead_seal: AEAD=15 key=32 aad=184 pt=0
14 Apr 11:24:16 ntpd[928]: nts_aead_seal: success nonce=16 ciphertext=16
14 Apr 11:24:16 ntpd[928]: nts_append_nts_authenticator_ef: nonceLen=16 ctLen=16 extraPadding=0
14 Apr 11:24:16 ntpd[928]: nts_do_authenticated_ntp_sync: received UDP NTP response: 224 bytes
14 Apr 11:24:16 ntpd[928]: nts_aead_open: AEAD=15 key=32 aad=84 nonce=16 ct=116
14 Apr 11:24:16 ntpd[928]: nts_do_authenticated_ntp_sync: authenticated NTP response verified successfully
14 Apr 11:24:16 ntpd[928]: nts_do_authenticated_ntp_sync: decrypted inner EF bytes: 100
14 Apr 11:24:16 ntpd[928]: nts_do_authenticated_ntp_sync: cookies left after consume: 7
14 Apr 11:24:16 ntpd[928]: nts_do_authenticated_ntp_sync: returned cookies: 1
14 Apr 11:24:16 ntpd[928]: nts_do_authenticated_ntp_sync: Cookie[0] 10 f2 9c 61 a1 e7 7a ef ...
14 Apr 11:24:16 ntpd[928]: nts_do_authenticated_ntp_sync: Cookie[1] 10 f2 9c 61 f0 42 94 92 ...
14 Apr 11:24:16 ntpd[928]: nts_do_authenticated_ntp_sync: Cookie[2] 10 f2 9c 61 a0 36 43 07 ...
14 Apr 11:24:16 ntpd[928]: nts_do_authenticated_ntp_sync: Cookie[3] 10 f2 9c 61 63 e8 3a 89 ...
14 Apr 11:24:16 ntpd[928]: nts_do_authenticated_ntp_sync: Cookie[4] 10 f2 9c 61 b8 c5 27 50 ...
14 Apr 11:24:16 ntpd[928]: nts_do_authenticated_ntp_sync: Cookie[5] 10 f2 9c 61 52 fd f7 93 ...
14 Apr 11:24:16 ntpd[928]: nts_do_authenticated_ntp_sync: Cookie[6] 10 f2 9c 61 01 9d a1 d6 ...
14 Apr 11:24:16 ntpd[928]: nts_do_authenticated_ntp_sync: Cookie[7] 10 f2 9c 61 9e a5 f0 e2 ...
14 Apr 11:24:16 ntpd[928]: nts_update_cookies_in_session: refreshed cookies saved to: C:\Users\sebi\AppData\Local\Temp\NTSClient\4.ntp.ubuntu.com.sqlite
14 Apr 11:24:16 ntpd[928]: nts_do_authenticated_ntp_sync: T1 client send    = 1776155056.129867554
14 Apr 11:24:16 ntpd[928]: nts_do_authenticated_ntp_sync: T2 server receive = 1776155056.360936642
14 Apr 11:24:16 ntpd[928]: nts_do_authenticated_ntp_sync: T3 server xmit    = 1776155056.360975027
14 Apr 11:24:16 ntpd[928]: nts_do_authenticated_ntp_sync: T4 client recv    = 1776155056.256319046
14 Apr 11:24:16 ntpd[928]: nts_do_authenticated_ntp_sync: Offset (sec) = 0.167862535
14 Apr 11:24:16 ntpd[928]: nts_do_authenticated_ntp_sync: Delay  (sec) = 0.126413107
14 Apr 11:24:16 ntpd[928]: nts_do_authenticated_ntp_sync: Offset (ms)  = 167.862535
14 Apr 11:24:16 ntpd[928]: nts_do_authenticated_ntp_sync: Delay  (ms)  = 126.413107
14 Apr 11:24:17 ntpd[928]: nts_run_peer_sync: loaded cached NTS session from C:\Users\sebi\AppData\Local\Temp\NTSClient\lul1.nts.netnod.se.sqlite
14 Apr 11:24:17 ntpd[928]: nts_aead_seal: AEAD=15 key=32 aad=188 pt=0
14 Apr 11:24:17 ntpd[928]: nts_aead_seal: success nonce=16 ciphertext=16
14 Apr 11:24:17 ntpd[928]: nts_append_nts_authenticator_ef: nonceLen=16 ctLen=16 extraPadding=0
14 Apr 11:24:17 ntpd[928]: nts_do_authenticated_ntp_sync: received UDP NTP response: 228 bytes
14 Apr 11:24:17 ntpd[928]: nts_aead_open: AEAD=15 key=32 aad=84 nonce=16 ct=120
14 Apr 11:24:17 ntpd[928]: nts_do_authenticated_ntp_sync: authenticated NTP response verified successfully
14 Apr 11:24:17 ntpd[928]: nts_do_authenticated_ntp_sync: decrypted inner EF bytes: 104
14 Apr 11:24:17 ntpd[928]: nts_do_authenticated_ntp_sync: cookies left after consume: 7
14 Apr 11:24:17 ntpd[928]: nts_do_authenticated_ntp_sync: returned cookies: 1
14 Apr 11:24:17 ntpd[928]: nts_do_authenticated_ntp_sync: Cookie[0] 20 d1 f8 a0 5d f9 f0 2b ...
14 Apr 11:24:17 ntpd[928]: nts_do_authenticated_ntp_sync: Cookie[1] 20 d1 f8 a0 88 c4 6b 8e ...
14 Apr 11:24:17 ntpd[928]: nts_do_authenticated_ntp_sync: Cookie[2] 20 d1 f8 a0 f3 c0 0e 93 ...
14 Apr 11:24:17 ntpd[928]: nts_do_authenticated_ntp_sync: Cookie[3] 20 d1 f8 a0 6f 96 21 8d ...
14 Apr 11:24:17 ntpd[928]: nts_do_authenticated_ntp_sync: Cookie[4] 20 d1 f8 a0 95 04 f6 1e ...
14 Apr 11:24:17 ntpd[928]: nts_do_authenticated_ntp_sync: Cookie[5] 20 d1 f8 a0 a3 22 1a ad ...
14 Apr 11:24:17 ntpd[928]: nts_do_authenticated_ntp_sync: Cookie[6] 20 d1 f8 a0 46 4f fc e7 ...
14 Apr 11:24:17 ntpd[928]: nts_do_authenticated_ntp_sync: Cookie[7] 20 d1 f8 a0 ec 0d 48 11 ...
14 Apr 11:24:17 ntpd[928]: nts_update_cookies_in_session: refreshed cookies saved to: C:\Users\sebi\AppData\Local\Temp\NTSClient\lul1.nts.netnod.se.sqlite
14 Apr 11:24:17 ntpd[928]: nts_do_authenticated_ntp_sync: T1 client send    = 1776155057.129865646
14 Apr 11:24:17 ntpd[928]: nts_do_authenticated_ntp_sync: T2 server receive = 1776155057.337629318
14 Apr 11:24:17 ntpd[928]: nts_do_authenticated_ntp_sync: T3 server xmit    = 1776155057.337633848
14 Apr 11:24:17 ntpd[928]: nts_do_authenticated_ntp_sync: T4 client recv    = 1776155057.214057922
14 Apr 11:24:17 ntpd[928]: nts_do_authenticated_ntp_sync: Offset (sec) = 0.165669799
14 Apr 11:24:17 ntpd[928]: nts_do_authenticated_ntp_sync: Delay  (sec) = 0.084187746
14 Apr 11:24:17 ntpd[928]: nts_do_authenticated_ntp_sync: Offset (ms)  = 165.669799
14 Apr 11:24:17 ntpd[928]: nts_do_authenticated_ntp_sync: Delay  (ms)  = 84.187746
14 Apr 11:24:18 ntpd[928]: nts_run_peer_sync: loaded cached NTS session from C:\Users\sebi\AppData\Local\Temp\NTSClient\lul2.nts.netnod.se.sqlite
14 Apr 11:24:18 ntpd[928]: nts_aead_seal: AEAD=15 key=32 aad=188 pt=0
14 Apr 11:24:18 ntpd[928]: nts_aead_seal: success nonce=16 ciphertext=16
14 Apr 11:24:18 ntpd[928]: nts_append_nts_authenticator_ef: nonceLen=16 ctLen=16 extraPadding=0
14 Apr 11:24:18 ntpd[928]: nts_do_authenticated_ntp_sync: received UDP NTP response: 228 bytes
14 Apr 11:24:18 ntpd[928]: nts_aead_open: AEAD=15 key=32 aad=84 nonce=16 ct=120
14 Apr 11:24:18 ntpd[928]: nts_do_authenticated_ntp_sync: authenticated NTP response verified successfully
14 Apr 11:24:18 ntpd[928]: nts_do_authenticated_ntp_sync: decrypted inner EF bytes: 104
14 Apr 11:24:18 ntpd[928]: nts_do_authenticated_ntp_sync: cookies left after consume: 7
14 Apr 11:24:18 ntpd[928]: nts_do_authenticated_ntp_sync: returned cookies: 1
14 Apr 11:24:18 ntpd[928]: nts_do_authenticated_ntp_sync: Cookie[0] 20 d1 f8 a0 d8 62 1c fb ...
14 Apr 11:24:18 ntpd[928]: nts_do_authenticated_ntp_sync: Cookie[1] 20 d1 f8 a0 1c 00 df f3 ...
14 Apr 11:24:18 ntpd[928]: nts_do_authenticated_ntp_sync: Cookie[2] 20 d1 f8 a0 95 5d 49 d1 ...
14 Apr 11:24:18 ntpd[928]: nts_do_authenticated_ntp_sync: Cookie[3] 20 d1 f8 a0 75 a7 a3 76 ...
14 Apr 11:24:18 ntpd[928]: nts_do_authenticated_ntp_sync: Cookie[4] 20 d1 f8 a0 f4 3f 23 82 ...
14 Apr 11:24:18 ntpd[928]: nts_do_authenticated_ntp_sync: Cookie[5] 20 d1 f8 a0 a1 99 56 7d ...
14 Apr 11:24:18 ntpd[928]: nts_do_authenticated_ntp_sync: Cookie[6] 20 d1 f8 a0 b7 d3 48 8d ...
14 Apr 11:24:18 ntpd[928]: nts_do_authenticated_ntp_sync: Cookie[7] 20 d1 f8 a0 86 60 b2 ca ...
14 Apr 11:24:18 ntpd[928]: nts_update_cookies_in_session: refreshed cookies saved to: C:\Users\sebi\AppData\Local\Temp\NTSClient\lul2.nts.netnod.se.sqlite
14 Apr 11:24:18 ntpd[928]: nts_do_authenticated_ntp_sync: T1 client send    = 1776155058.130266190
14 Apr 11:24:18 ntpd[928]: nts_do_authenticated_ntp_sync: T2 server receive = 1776155058.329191208
14 Apr 11:24:18 ntpd[928]: nts_do_authenticated_ntp_sync: T3 server xmit    = 1776155058.329195738
14 Apr 11:24:18 ntpd[928]: nts_do_authenticated_ntp_sync: T4 client recv    = 1776155058.208555222
14 Apr 11:24:18 ntpd[928]: nts_do_authenticated_ntp_sync: Offset (sec) = 0.159782767
14 Apr 11:24:18 ntpd[928]: nts_do_authenticated_ntp_sync: Delay  (sec) = 0.078284502
14 Apr 11:24:18 ntpd[928]: nts_do_authenticated_ntp_sync: Offset (ms)  = 159.782767
14 Apr 11:24:18 ntpd[928]: nts_do_authenticated_ntp_sync: Delay  (ms)  = 78.284502
14 Apr 11:24:19 ntpd[928]: nts_run_peer_sync: loaded cached NTS session from C:\Users\sebi\AppData\Local\Temp\NTSClient\mmo1.nts.netnod.se.sqlite
14 Apr 11:24:19 ntpd[928]: nts_aead_seal: AEAD=15 key=32 aad=188 pt=0
14 Apr 11:24:19 ntpd[928]: nts_aead_seal: success nonce=16 ciphertext=16
14 Apr 11:24:19 ntpd[928]: nts_append_nts_authenticator_ef: nonceLen=16 ctLen=16 extraPadding=0
14 Apr 11:24:19 ntpd[928]: nts_do_authenticated_ntp_sync: received UDP NTP response: 228 bytes
14 Apr 11:24:19 ntpd[928]: nts_aead_open: AEAD=15 key=32 aad=84 nonce=16 ct=120
14 Apr 11:24:19 ntpd[928]: nts_do_authenticated_ntp_sync: authenticated NTP response verified successfully
14 Apr 11:24:19 ntpd[928]: nts_do_authenticated_ntp_sync: decrypted inner EF bytes: 104
14 Apr 11:24:19 ntpd[928]: nts_do_authenticated_ntp_sync: cookies left after consume: 7
14 Apr 11:24:19 ntpd[928]: nts_do_authenticated_ntp_sync: returned cookies: 1
14 Apr 11:24:19 ntpd[928]: nts_do_authenticated_ntp_sync: Cookie[0] cd 30 d3 22 85 86 24 d0 ...
14 Apr 11:24:19 ntpd[928]: nts_do_authenticated_ntp_sync: Cookie[1] cd 30 d3 22 a1 44 32 75 ...
14 Apr 11:24:19 ntpd[928]: nts_do_authenticated_ntp_sync: Cookie[2] cd 30 d3 22 ac fd a5 ce ...
14 Apr 11:24:19 ntpd[928]: nts_do_authenticated_ntp_sync: Cookie[3] cd 30 d3 22 d8 88 b5 f6 ...
14 Apr 11:24:19 ntpd[928]: nts_do_authenticated_ntp_sync: Cookie[4] cd 30 d3 22 e3 fb 53 13 ...
14 Apr 11:24:19 ntpd[928]: nts_do_authenticated_ntp_sync: Cookie[5] cd 30 d3 22 19 31 24 50 ...
14 Apr 11:24:19 ntpd[928]: nts_do_authenticated_ntp_sync: Cookie[6] cd 30 d3 22 92 b3 52 a5 ...
14 Apr 11:24:19 ntpd[928]: nts_do_authenticated_ntp_sync: Cookie[7] cd 30 d3 22 51 fb 85 43 ...
14 Apr 11:24:19 ntpd[928]: nts_update_cookies_in_session: refreshed cookies saved to: C:\Users\sebi\AppData\Local\Temp\NTSClient\mmo1.nts.netnod.se.sqlite
14 Apr 11:24:19 ntpd[928]: nts_do_authenticated_ntp_sync: T1 client send    = 1776155059.131803513
14 Apr 11:24:19 ntpd[928]: nts_do_authenticated_ntp_sync: T2 server receive = 1776155059.335516214
14 Apr 11:24:19 ntpd[928]: nts_do_authenticated_ntp_sync: T3 server xmit    = 1776155059.335520506
14 Apr 11:24:19 ntpd[928]: nts_do_authenticated_ntp_sync: T4 client recv    = 1776155059.199459076
14 Apr 11:24:19 ntpd[928]: nts_do_authenticated_ntp_sync: Offset (sec) = 0.169887066
14 Apr 11:24:19 ntpd[928]: nts_do_authenticated_ntp_sync: Delay  (sec) = 0.067651272
14 Apr 11:24:19 ntpd[928]: nts_do_authenticated_ntp_sync: Offset (ms)  = 169.887066
14 Apr 11:24:19 ntpd[928]: nts_do_authenticated_ntp_sync: Delay  (ms)  = 67.651272
14 Apr 11:24:19 ntpd[928]: ntservice: The Network Time Protocol Service is stopping.
14 Apr 11:24:29 ntpd[4636]: ntpd 4.2.8p18@1.4091-o Apr 14 10:51:57.25 (UTC+03:00) 2026  (39): Starting
14 Apr 11:24:29 ntpd[4636]: Command line: ntpd.exe -U 3 -D 4 -M -g -c ntp.conf -l ntp.log
14 Apr 11:24:29 ntpd[4636]: ----------------------------------------------------
14 Apr 11:24:29 ntpd[4636]: ntp-4 is maintained by Network Time Foundation,
14 Apr 11:24:29 ntpd[4636]: Inc. (NTF), a non-profit 501(c)(3) public-benefit
14 Apr 11:24:29 ntpd[4636]: corporation.  Support and training for ntp-4 are
14 Apr 11:24:29 ntpd[4636]: available at https://www.nwtime.org/support
14 Apr 11:24:29 ntpd[4636]: ----------------------------------------------------
14 Apr 11:24:29 ntpd[4636]: DEBUG behavior is enabled - a violation of any diagnostic assertion will cause ntpd to abort
14 Apr 11:24:29 ntpd[4636]: Raised to realtime priority class
14 Apr 11:24:29 ntpd[4636]: Clock interrupt period 15.625 msec
14 Apr 11:24:29 ntpd[4636]: Performance counter frequency 10.000 MHz
14 Apr 11:24:29 ntpd[4636]: set_process_priority: Leave priority alone: priority_done is <2>
14 Apr 11:24:29 ntpd[4636]: proto: precision = 0.400 usec (-21)
14 Apr 11:24:29 ntpd[4636]: basedate set to 2026-04-02
14 Apr 11:24:29 ntpd[4636]: gps base set to 2026-04-05 (week 2413)
14 Apr 11:24:29 ntpd[4636]: Listen and drop on 0 v6wildcard [::]:123
14 Apr 11:24:29 ntpd[4636]: Listen and drop on 1 v4wildcard 0.0.0.0:123
14 Apr 11:24:29 ntpd[4636]: Listen normally on 2 Ethernet0 2 192.168.1.19:123
14 Apr 11:24:29 ntpd[4636]: Listen normally on 3 Loopback Pseudo-Interface 1 [::1]:123
14 Apr 11:24:29 ntpd[4636]: Listen normally on 4 Loopback Pseudo-Interface 1 127.0.0.1:123
14 Apr 11:24:30 ntpd[4636]: nts_run_peer_sync: loaded cached NTS session from C:\Users\sebi\AppData\Local\Temp\NTSClient\1.ntp.ubuntu.com.sqlite
14 Apr 11:24:30 ntpd[4636]: nts_aead_seal: AEAD=15 key=32 aad=184 pt=0
14 Apr 11:24:30 ntpd[4636]: nts_aead_seal: success nonce=16 ciphertext=16
14 Apr 11:24:30 ntpd[4636]: nts_append_nts_authenticator_ef: nonceLen=16 ctLen=16 extraPadding=0
14 Apr 11:24:35 ntpd[4636]: nts_send_udp_and_receive: recvfrom failed or timed out, WSAGetLastError=10060
14 Apr 11:24:35 ntpd[4636]: nts_do_authenticated_ntp_sync: nts_send_udp_and_receive failed
14 Apr 11:24:35 ntpd[4636]: nts_run_peer_sync: cached authenticated NTP failed due to network; keeping cached session
14 Apr 11:24:35 ntpd[4636]: nts_run_peer_sync: loaded cached NTS session from C:\Users\sebi\AppData\Local\Temp\NTSClient\2.ntp.ubuntu.com.sqlite
14 Apr 11:24:35 ntpd[4636]: nts_aead_seal: AEAD=15 key=32 aad=184 pt=0
14 Apr 11:24:35 ntpd[4636]: nts_aead_seal: success nonce=16 ciphertext=16
14 Apr 11:24:35 ntpd[4636]: nts_append_nts_authenticator_ef: nonceLen=16 ctLen=16 extraPadding=0
14 Apr 11:24:35 ntpd[4636]: nts_do_authenticated_ntp_sync: received UDP NTP response: 224 bytes
14 Apr 11:24:35 ntpd[4636]: nts_aead_open: AEAD=15 key=32 aad=84 nonce=16 ct=116
14 Apr 11:24:35 ntpd[4636]: nts_do_authenticated_ntp_sync: authenticated NTP response verified successfully
14 Apr 11:24:35 ntpd[4636]: nts_do_authenticated_ntp_sync: decrypted inner EF bytes: 100
14 Apr 11:24:35 ntpd[4636]: nts_do_authenticated_ntp_sync: cookies left after consume: 7
14 Apr 11:24:35 ntpd[4636]: nts_do_authenticated_ntp_sync: returned cookies: 1
14 Apr 11:24:35 ntpd[4636]: nts_do_authenticated_ntp_sync: Cookie[0] 38 53 3b 4b e2 4e c9 38 ...
14 Apr 11:24:35 ntpd[4636]: nts_do_authenticated_ntp_sync: Cookie[1] 38 53 3b 4b 13 c4 8b 3f ...
14 Apr 11:24:35 ntpd[4636]: nts_do_authenticated_ntp_sync: Cookie[2] 38 53 3b 4b 80 c5 3e 66 ...
14 Apr 11:24:35 ntpd[4636]: nts_do_authenticated_ntp_sync: Cookie[3] 38 53 3b 4b f0 f3 65 d1 ...
14 Apr 11:24:35 ntpd[4636]: nts_do_authenticated_ntp_sync: Cookie[4] 38 53 3b 4b 2f f3 b1 93 ...
14 Apr 11:24:35 ntpd[4636]: nts_do_authenticated_ntp_sync: Cookie[5] 38 53 3b 4b d1 30 a3 b3 ...
14 Apr 11:24:35 ntpd[4636]: nts_do_authenticated_ntp_sync: Cookie[6] 38 53 3b 4b d2 dd 09 ba ...
14 Apr 11:24:35 ntpd[4636]: nts_do_authenticated_ntp_sync: Cookie[7] 38 53 3b 4b f6 f8 8c ed ...
14 Apr 11:24:35 ntpd[4636]: nts_update_cookies_in_session: refreshed cookies saved to: C:\Users\sebi\AppData\Local\Temp\NTSClient\2.ntp.ubuntu.com.sqlite
14 Apr 11:24:35 ntpd[4636]: nts_do_authenticated_ntp_sync: T1 client send    = 1776155075.692106247
14 Apr 11:24:35 ntpd[4636]: nts_do_authenticated_ntp_sync: T2 server receive = 1776155075.887851238
14 Apr 11:24:35 ntpd[4636]: nts_do_authenticated_ntp_sync: T3 server xmit    = 1776155075.887961864
14 Apr 11:24:35 ntpd[4636]: nts_do_authenticated_ntp_sync: T4 client recv    = 1776155075.743625641
14 Apr 11:24:35 ntpd[4636]: nts_do_authenticated_ntp_sync: Offset (sec) = 0.170040607
14 Apr 11:24:35 ntpd[4636]: nts_do_authenticated_ntp_sync: Delay  (sec) = 0.051408768
14 Apr 11:24:35 ntpd[4636]: nts_do_authenticated_ntp_sync: Offset (ms)  = 170.040607
14 Apr 11:24:35 ntpd[4636]: nts_do_authenticated_ntp_sync: Delay  (ms)  = 51.408768
14 Apr 11:24:36 ntpd[4636]: nts_run_peer_sync: loaded cached NTS session from C:\Users\sebi\AppData\Local\Temp\NTSClient\3.ntp.ubuntu.com.sqlite
14 Apr 11:24:36 ntpd[4636]: nts_aead_seal: AEAD=15 key=32 aad=184 pt=0
14 Apr 11:24:36 ntpd[4636]: nts_aead_seal: success nonce=16 ciphertext=16
14 Apr 11:24:36 ntpd[4636]: nts_append_nts_authenticator_ef: nonceLen=16 ctLen=16 extraPadding=0
14 Apr 11:24:36 ntpd[4636]: nts_do_authenticated_ntp_sync: received UDP NTP response: 224 bytes
14 Apr 11:24:36 ntpd[4636]: nts_aead_open: AEAD=15 key=32 aad=84 nonce=16 ct=116
14 Apr 11:24:36 ntpd[4636]: nts_do_authenticated_ntp_sync: authenticated NTP response verified successfully
14 Apr 11:24:36 ntpd[4636]: nts_do_authenticated_ntp_sync: decrypted inner EF bytes: 100
14 Apr 11:24:36 ntpd[4636]: nts_do_authenticated_ntp_sync: cookies left after consume: 7
14 Apr 11:24:36 ntpd[4636]: nts_do_authenticated_ntp_sync: returned cookies: 1
14 Apr 11:24:36 ntpd[4636]: nts_do_authenticated_ntp_sync: Cookie[0] 7c 00 6f ec 94 b6 65 dc ...
14 Apr 11:24:36 ntpd[4636]: nts_do_authenticated_ntp_sync: Cookie[1] 7c 00 6f ec c6 a0 c9 9a ...
14 Apr 11:24:36 ntpd[4636]: nts_do_authenticated_ntp_sync: Cookie[2] 7c 00 6f ec 7c 3d 31 40 ...
14 Apr 11:24:36 ntpd[4636]: nts_do_authenticated_ntp_sync: Cookie[3] 7c 00 6f ec cc 07 ab db ...
14 Apr 11:24:36 ntpd[4636]: nts_do_authenticated_ntp_sync: Cookie[4] 7c 00 6f ec a6 8f 2c 0b ...
14 Apr 11:24:36 ntpd[4636]: nts_do_authenticated_ntp_sync: Cookie[5] 7c 00 6f ec 3d 07 76 de ...
14 Apr 11:24:36 ntpd[4636]: nts_do_authenticated_ntp_sync: Cookie[6] 7c 00 6f ec dc c0 21 85 ...
14 Apr 11:24:36 ntpd[4636]: nts_do_authenticated_ntp_sync: Cookie[7] 7c 00 6f ec 4c c1 c6 56 ...
14 Apr 11:24:36 ntpd[4636]: nts_update_cookies_in_session: refreshed cookies saved to: C:\Users\sebi\AppData\Local\Temp\NTSClient\3.ntp.ubuntu.com.sqlite
14 Apr 11:24:36 ntpd[4636]: nts_do_authenticated_ntp_sync: T1 client send    = 1776155076.663694382
14 Apr 11:24:36 ntpd[4636]: nts_do_authenticated_ntp_sync: T2 server receive = 1776155076.903469801
14 Apr 11:24:36 ntpd[4636]: nts_do_authenticated_ntp_sync: T3 server xmit    = 1776155076.903901577
14 Apr 11:24:36 ntpd[4636]: nts_do_authenticated_ntp_sync: T4 client recv    = 1776155076.793949127
14 Apr 11:24:36 ntpd[4636]: nts_do_authenticated_ntp_sync: Offset (sec) = 0.174863935
14 Apr 11:24:36 ntpd[4636]: nts_do_authenticated_ntp_sync: Delay  (sec) = 0.129822969
14 Apr 11:24:36 ntpd[4636]: nts_do_authenticated_ntp_sync: Offset (ms)  = 174.863935
14 Apr 11:24:36 ntpd[4636]: nts_do_authenticated_ntp_sync: Delay  (ms)  = 129.822969
14 Apr 11:24:37 ntpd[4636]: nts_run_peer_sync: loaded cached NTS session from C:\Users\sebi\AppData\Local\Temp\NTSClient\4.ntp.ubuntu.com.sqlite
14 Apr 11:24:37 ntpd[4636]: nts_aead_seal: AEAD=15 key=32 aad=184 pt=0
14 Apr 11:24:37 ntpd[4636]: nts_aead_seal: success nonce=16 ciphertext=16
14 Apr 11:24:37 ntpd[4636]: nts_append_nts_authenticator_ef: nonceLen=16 ctLen=16 extraPadding=0
14 Apr 11:24:37 ntpd[4636]: nts_do_authenticated_ntp_sync: received UDP NTP response: 224 bytes
14 Apr 11:24:37 ntpd[4636]: nts_aead_open: AEAD=15 key=32 aad=84 nonce=16 ct=116
14 Apr 11:24:37 ntpd[4636]: nts_do_authenticated_ntp_sync: authenticated NTP response verified successfully
14 Apr 11:24:37 ntpd[4636]: nts_do_authenticated_ntp_sync: decrypted inner EF bytes: 100
14 Apr 11:24:37 ntpd[4636]: nts_do_authenticated_ntp_sync: cookies left after consume: 7
14 Apr 11:24:37 ntpd[4636]: nts_do_authenticated_ntp_sync: returned cookies: 1
14 Apr 11:24:37 ntpd[4636]: nts_do_authenticated_ntp_sync: Cookie[0] 10 f2 9c 61 f0 42 94 92 ...
14 Apr 11:24:37 ntpd[4636]: nts_do_authenticated_ntp_sync: Cookie[1] 10 f2 9c 61 a0 36 43 07 ...
14 Apr 11:24:37 ntpd[4636]: nts_do_authenticated_ntp_sync: Cookie[2] 10 f2 9c 61 63 e8 3a 89 ...
14 Apr 11:24:37 ntpd[4636]: nts_do_authenticated_ntp_sync: Cookie[3] 10 f2 9c 61 b8 c5 27 50 ...
14 Apr 11:24:37 ntpd[4636]: nts_do_authenticated_ntp_sync: Cookie[4] 10 f2 9c 61 52 fd f7 93 ...
14 Apr 11:24:37 ntpd[4636]: nts_do_authenticated_ntp_sync: Cookie[5] 10 f2 9c 61 01 9d a1 d6 ...
14 Apr 11:24:37 ntpd[4636]: nts_do_authenticated_ntp_sync: Cookie[6] 10 f2 9c 61 9e a5 f0 e2 ...
14 Apr 11:24:37 ntpd[4636]: nts_do_authenticated_ntp_sync: Cookie[7] 10 f2 9c 61 b7 e7 a6 df ...
14 Apr 11:24:37 ntpd[4636]: nts_update_cookies_in_session: refreshed cookies saved to: C:\Users\sebi\AppData\Local\Temp\NTSClient\4.ntp.ubuntu.com.sqlite
14 Apr 11:24:37 ntpd[4636]: nts_do_authenticated_ntp_sync: T1 client send    = 1776155077.673011780
14 Apr 11:24:37 ntpd[4636]: nts_do_authenticated_ntp_sync: T2 server receive = 1776155077.902691364
14 Apr 11:24:37 ntpd[4636]: nts_do_authenticated_ntp_sync: T3 server xmit    = 1776155077.902779341
14 Apr 11:24:37 ntpd[4636]: nts_do_authenticated_ntp_sync: T4 client recv    = 1776155077.794067383
14 Apr 11:24:37 ntpd[4636]: nts_do_authenticated_ntp_sync: Offset (sec) = 0.169195771
14 Apr 11:24:37 ntpd[4636]: nts_do_authenticated_ntp_sync: Delay  (sec) = 0.120967627
14 Apr 11:24:37 ntpd[4636]: nts_do_authenticated_ntp_sync: Offset (ms)  = 169.195771
14 Apr 11:24:37 ntpd[4636]: nts_do_authenticated_ntp_sync: Delay  (ms)  = 120.967627
14 Apr 11:24:38 ntpd[4636]: nts_run_peer_sync: loaded cached NTS session from C:\Users\sebi\AppData\Local\Temp\NTSClient\lul1.nts.netnod.se.sqlite
14 Apr 11:24:38 ntpd[4636]: nts_aead_seal: AEAD=15 key=32 aad=188 pt=0
14 Apr 11:24:38 ntpd[4636]: nts_aead_seal: success nonce=16 ciphertext=16
14 Apr 11:24:38 ntpd[4636]: nts_append_nts_authenticator_ef: nonceLen=16 ctLen=16 extraPadding=0
14 Apr 11:24:38 ntpd[4636]: nts_do_authenticated_ntp_sync: received UDP NTP response: 228 bytes
14 Apr 11:24:38 ntpd[4636]: nts_aead_open: AEAD=15 key=32 aad=84 nonce=16 ct=120
14 Apr 11:24:38 ntpd[4636]: nts_do_authenticated_ntp_sync: authenticated NTP response verified successfully
14 Apr 11:24:38 ntpd[4636]: nts_do_authenticated_ntp_sync: decrypted inner EF bytes: 104
14 Apr 11:24:38 ntpd[4636]: nts_do_authenticated_ntp_sync: cookies left after consume: 7
14 Apr 11:24:38 ntpd[4636]: nts_do_authenticated_ntp_sync: returned cookies: 1
14 Apr 11:24:38 ntpd[4636]: nts_do_authenticated_ntp_sync: Cookie[0] 20 d1 f8 a0 88 c4 6b 8e ...
14 Apr 11:24:38 ntpd[4636]: nts_do_authenticated_ntp_sync: Cookie[1] 20 d1 f8 a0 f3 c0 0e 93 ...
14 Apr 11:24:38 ntpd[4636]: nts_do_authenticated_ntp_sync: Cookie[2] 20 d1 f8 a0 6f 96 21 8d ...
14 Apr 11:24:38 ntpd[4636]: nts_do_authenticated_ntp_sync: Cookie[3] 20 d1 f8 a0 95 04 f6 1e ...
14 Apr 11:24:38 ntpd[4636]: nts_do_authenticated_ntp_sync: Cookie[4] 20 d1 f8 a0 a3 22 1a ad ...
14 Apr 11:24:38 ntpd[4636]: nts_do_authenticated_ntp_sync: Cookie[5] 20 d1 f8 a0 46 4f fc e7 ...
14 Apr 11:24:38 ntpd[4636]: nts_do_authenticated_ntp_sync: Cookie[6] 20 d1 f8 a0 ec 0d 48 11 ...
14 Apr 11:24:38 ntpd[4636]: nts_do_authenticated_ntp_sync: Cookie[7] 20 d1 f8 a0 03 b3 77 0b ...
14 Apr 11:24:38 ntpd[4636]: nts_update_cookies_in_session: refreshed cookies saved to: C:\Users\sebi\AppData\Local\Temp\NTSClient\lul1.nts.netnod.se.sqlite
14 Apr 11:24:38 ntpd[4636]: nts_do_authenticated_ntp_sync: T1 client send    = 1776155078.670690536
14 Apr 11:24:38 ntpd[4636]: nts_do_authenticated_ntp_sync: T2 server receive = 1776155078.881959915
14 Apr 11:24:38 ntpd[4636]: nts_do_authenticated_ntp_sync: T3 server xmit    = 1776155078.881964207
14 Apr 11:24:38 ntpd[4636]: nts_do_authenticated_ntp_sync: T4 client recv    = 1776155078.757862091
14 Apr 11:24:38 ntpd[4636]: nts_do_authenticated_ntp_sync: Offset (sec) = 0.167685747
14 Apr 11:24:38 ntpd[4636]: nts_do_authenticated_ntp_sync: Delay  (sec) = 0.087167263
14 Apr 11:24:38 ntpd[4636]: nts_do_authenticated_ntp_sync: Offset (ms)  = 167.685747
14 Apr 11:24:38 ntpd[4636]: nts_do_authenticated_ntp_sync: Delay  (ms)  = 87.167263
14 Apr 11:24:39 ntpd[4636]: nts_run_peer_sync: loaded cached NTS session from C:\Users\sebi\AppData\Local\Temp\NTSClient\lul2.nts.netnod.se.sqlite
14 Apr 11:24:39 ntpd[4636]: nts_aead_seal: AEAD=15 key=32 aad=188 pt=0
14 Apr 11:24:39 ntpd[4636]: nts_aead_seal: success nonce=16 ciphertext=16
14 Apr 11:24:39 ntpd[4636]: nts_append_nts_authenticator_ef: nonceLen=16 ctLen=16 extraPadding=0
14 Apr 11:24:39 ntpd[4636]: nts_do_authenticated_ntp_sync: received UDP NTP response: 228 bytes
14 Apr 11:24:39 ntpd[4636]: nts_aead_open: AEAD=15 key=32 aad=84 nonce=16 ct=120
14 Apr 11:24:39 ntpd[4636]: nts_do_authenticated_ntp_sync: authenticated NTP response verified successfully
14 Apr 11:24:39 ntpd[4636]: nts_do_authenticated_ntp_sync: decrypted inner EF bytes: 104
14 Apr 11:24:39 ntpd[4636]: nts_do_authenticated_ntp_sync: cookies left after consume: 7
14 Apr 11:24:39 ntpd[4636]: nts_do_authenticated_ntp_sync: returned cookies: 1
14 Apr 11:24:39 ntpd[4636]: nts_do_authenticated_ntp_sync: Cookie[0] 20 d1 f8 a0 1c 00 df f3 ...
14 Apr 11:24:39 ntpd[4636]: nts_do_authenticated_ntp_sync: Cookie[1] 20 d1 f8 a0 95 5d 49 d1 ...
14 Apr 11:24:39 ntpd[4636]: nts_do_authenticated_ntp_sync: Cookie[2] 20 d1 f8 a0 75 a7 a3 76 ...
14 Apr 11:24:39 ntpd[4636]: nts_do_authenticated_ntp_sync: Cookie[3] 20 d1 f8 a0 f4 3f 23 82 ...
14 Apr 11:24:39 ntpd[4636]: nts_do_authenticated_ntp_sync: Cookie[4] 20 d1 f8 a0 a1 99 56 7d ...
14 Apr 11:24:39 ntpd[4636]: nts_do_authenticated_ntp_sync: Cookie[5] 20 d1 f8 a0 b7 d3 48 8d ...
14 Apr 11:24:39 ntpd[4636]: nts_do_authenticated_ntp_sync: Cookie[6] 20 d1 f8 a0 86 60 b2 ca ...
14 Apr 11:24:39 ntpd[4636]: nts_do_authenticated_ntp_sync: Cookie[7] 20 d1 f8 a0 ee 0a 8a f3 ...
14 Apr 11:24:39 ntpd[4636]: nts_update_cookies_in_session: refreshed cookies saved to: C:\Users\sebi\AppData\Local\Temp\NTSClient\lul2.nts.netnod.se.sqlite
14 Apr 11:24:39 ntpd[4636]: nts_do_authenticated_ntp_sync: T1 client send    = 1776155079.670707703
14 Apr 11:24:39 ntpd[4636]: nts_do_authenticated_ntp_sync: T2 server receive = 1776155079.869838476
14 Apr 11:24:39 ntpd[4636]: nts_do_authenticated_ntp_sync: T3 server xmit    = 1776155079.869843006
14 Apr 11:24:39 ntpd[4636]: nts_do_authenticated_ntp_sync: T4 client recv    = 1776155079.748527527
14 Apr 11:24:39 ntpd[4636]: nts_do_authenticated_ntp_sync: Offset (sec) = 0.160223126
14 Apr 11:24:39 ntpd[4636]: nts_do_authenticated_ntp_sync: Delay  (sec) = 0.077815294
14 Apr 11:24:39 ntpd[4636]: nts_do_authenticated_ntp_sync: Offset (ms)  = 160.223126
14 Apr 11:24:39 ntpd[4636]: nts_do_authenticated_ntp_sync: Delay  (ms)  = 77.815294
14 Apr 11:24:40 ntpd[4636]: nts_run_peer_sync: loaded cached NTS session from C:\Users\sebi\AppData\Local\Temp\NTSClient\mmo1.nts.netnod.se.sqlite
14 Apr 11:24:40 ntpd[4636]: nts_aead_seal: AEAD=15 key=32 aad=188 pt=0
14 Apr 11:24:40 ntpd[4636]: nts_aead_seal: success nonce=16 ciphertext=16
14 Apr 11:24:40 ntpd[4636]: nts_append_nts_authenticator_ef: nonceLen=16 ctLen=16 extraPadding=0
14 Apr 11:24:40 ntpd[4636]: nts_do_authenticated_ntp_sync: received UDP NTP response: 228 bytes
14 Apr 11:24:40 ntpd[4636]: nts_aead_open: AEAD=15 key=32 aad=84 nonce=16 ct=120
14 Apr 11:24:40 ntpd[4636]: nts_do_authenticated_ntp_sync: authenticated NTP response verified successfully
14 Apr 11:24:40 ntpd[4636]: nts_do_authenticated_ntp_sync: decrypted inner EF bytes: 104
14 Apr 11:24:40 ntpd[4636]: nts_do_authenticated_ntp_sync: cookies left after consume: 7
14 Apr 11:24:40 ntpd[4636]: nts_do_authenticated_ntp_sync: returned cookies: 1
14 Apr 11:24:40 ntpd[4636]: nts_do_authenticated_ntp_sync: Cookie[0] cd 30 d3 22 a1 44 32 75 ...
14 Apr 11:24:40 ntpd[4636]: nts_do_authenticated_ntp_sync: Cookie[1] cd 30 d3 22 ac fd a5 ce ...
14 Apr 11:24:40 ntpd[4636]: nts_do_authenticated_ntp_sync: Cookie[2] cd 30 d3 22 d8 88 b5 f6 ...
14 Apr 11:24:40 ntpd[4636]: nts_do_authenticated_ntp_sync: Cookie[3] cd 30 d3 22 e3 fb 53 13 ...
14 Apr 11:24:40 ntpd[4636]: nts_do_authenticated_ntp_sync: Cookie[4] cd 30 d3 22 19 31 24 50 ...
14 Apr 11:24:40 ntpd[4636]: nts_do_authenticated_ntp_sync: Cookie[5] cd 30 d3 22 92 b3 52 a5 ...
14 Apr 11:24:40 ntpd[4636]: nts_do_authenticated_ntp_sync: Cookie[6] cd 30 d3 22 51 fb 85 43 ...
14 Apr 11:24:40 ntpd[4636]: nts_do_authenticated_ntp_sync: Cookie[7] cd 30 d3 22 c8 07 f9 8c ...
14 Apr 11:24:40 ntpd[4636]: nts_update_cookies_in_session: refreshed cookies saved to: C:\Users\sebi\AppData\Local\Temp\NTSClient\mmo1.nts.netnod.se.sqlite
14 Apr 11:24:40 ntpd[4636]: nts_do_authenticated_ntp_sync: T1 client send    = 1776155080.664146423
14 Apr 11:24:40 ntpd[4636]: nts_do_authenticated_ntp_sync: T2 server receive = 1776155080.868598223
14 Apr 11:24:40 ntpd[4636]: nts_do_authenticated_ntp_sync: T3 server xmit    = 1776155080.868602753
14 Apr 11:24:40 ntpd[4636]: nts_do_authenticated_ntp_sync: T4 client recv    = 1776155080.732374191
14 Apr 11:24:40 ntpd[4636]: nts_do_authenticated_ntp_sync: Offset (sec) = 0.170340180
14 Apr 11:24:40 ntpd[4636]: nts_do_authenticated_ntp_sync: Delay  (sec) = 0.068223238
14 Apr 11:24:40 ntpd[4636]: nts_do_authenticated_ntp_sync: Offset (ms)  = 170.340180
14 Apr 11:24:40 ntpd[4636]: nts_do_authenticated_ntp_sync: Delay  (ms)  = 68.223238
14 Apr 11:24:41 ntpd[4636]: nts_run_peer_sync: loaded cached NTS session from C:\Users\sebi\AppData\Local\Temp\NTSClient\mmo2.nts.netnod.se.sqlite
14 Apr 11:24:41 ntpd[4636]: nts_aead_seal: AEAD=15 key=32 aad=188 pt=0
14 Apr 11:24:41 ntpd[4636]: nts_aead_seal: success nonce=16 ciphertext=16
14 Apr 11:24:41 ntpd[4636]: nts_append_nts_authenticator_ef: nonceLen=16 ctLen=16 extraPadding=0
14 Apr 11:24:41 ntpd[4636]: nts_do_authenticated_ntp_sync: received UDP NTP response: 228 bytes
14 Apr 11:24:41 ntpd[4636]: nts_aead_open: AEAD=15 key=32 aad=84 nonce=16 ct=120
14 Apr 11:24:41 ntpd[4636]: nts_do_authenticated_ntp_sync: authenticated NTP response verified successfully
14 Apr 11:24:41 ntpd[4636]: nts_do_authenticated_ntp_sync: decrypted inner EF bytes: 104
14 Apr 11:24:41 ntpd[4636]: nts_do_authenticated_ntp_sync: cookies left after consume: 7
14 Apr 11:24:41 ntpd[4636]: nts_do_authenticated_ntp_sync: returned cookies: 1
14 Apr 11:24:41 ntpd[4636]: nts_do_authenticated_ntp_sync: Cookie[0] cd 30 d3 22 ae eb da 9e ...
14 Apr 11:24:41 ntpd[4636]: nts_do_authenticated_ntp_sync: Cookie[1] cd 30 d3 22 b1 8f 10 b1 ...
14 Apr 11:24:41 ntpd[4636]: nts_do_authenticated_ntp_sync: Cookie[2] cd 30 d3 22 dd 67 80 92 ...
14 Apr 11:24:41 ntpd[4636]: nts_do_authenticated_ntp_sync: Cookie[3] cd 30 d3 22 af 98 7e 68 ...
14 Apr 11:24:41 ntpd[4636]: nts_do_authenticated_ntp_sync: Cookie[4] cd 30 d3 22 c5 9c ed 14 ...
14 Apr 11:24:41 ntpd[4636]: nts_do_authenticated_ntp_sync: Cookie[5] cd 30 d3 22 2a fb 80 ea ...
14 Apr 11:24:41 ntpd[4636]: nts_do_authenticated_ntp_sync: Cookie[6] cd 30 d3 22 47 c3 0e b1 ...
14 Apr 11:24:41 ntpd[4636]: nts_do_authenticated_ntp_sync: Cookie[7] cd 30 d3 22 87 f8 fc 19 ...
14 Apr 11:24:41 ntpd[4636]: nts_update_cookies_in_session: refreshed cookies saved to: C:\Users\sebi\AppData\Local\Temp\NTSClient\mmo2.nts.netnod.se.sqlite
14 Apr 11:24:41 ntpd[4636]: nts_do_authenticated_ntp_sync: T1 client send    = 1776155081.676445007
14 Apr 11:24:41 ntpd[4636]: nts_do_authenticated_ntp_sync: T2 server receive = 1776155081.875097513
14 Apr 11:24:41 ntpd[4636]: nts_do_authenticated_ntp_sync: T3 server xmit    = 1776155081.875102043
14 Apr 11:24:41 ntpd[4636]: nts_do_authenticated_ntp_sync: T4 client recv    = 1776155081.747236252
14 Apr 11:24:41 ntpd[4636]: nts_do_authenticated_ntp_sync: Offset (sec) = 0.163259149
14 Apr 11:24:41 ntpd[4636]: nts_do_authenticated_ntp_sync: Delay  (sec) = 0.070786715
14 Apr 11:24:41 ntpd[4636]: nts_do_authenticated_ntp_sync: Offset (ms)  = 163.259149
14 Apr 11:24:41 ntpd[4636]: nts_do_authenticated_ntp_sync: Delay  (ms)  = 70.786715
14 Apr 11:24:42 ntpd[4636]: nts_run_peer_sync: loaded cached NTS session from C:\Users\sebi\AppData\Local\Temp\NTSClient\sth1.nts.netnod.se.sqlite
14 Apr 11:24:42 ntpd[4636]: nts_aead_seal: AEAD=15 key=32 aad=188 pt=0
14 Apr 11:24:42 ntpd[4636]: nts_aead_seal: success nonce=16 ciphertext=16
14 Apr 11:24:42 ntpd[4636]: nts_append_nts_authenticator_ef: nonceLen=16 ctLen=16 extraPadding=0
14 Apr 11:24:42 ntpd[4636]: nts_do_authenticated_ntp_sync: received UDP NTP response: 228 bytes
14 Apr 11:24:42 ntpd[4636]: nts_aead_open: AEAD=15 key=32 aad=84 nonce=16 ct=120
14 Apr 11:24:42 ntpd[4636]: nts_do_authenticated_ntp_sync: authenticated NTP response verified successfully
14 Apr 11:24:42 ntpd[4636]: nts_do_authenticated_ntp_sync: decrypted inner EF bytes: 104
14 Apr 11:24:42 ntpd[4636]: nts_do_authenticated_ntp_sync: cookies left after consume: 7
14 Apr 11:24:42 ntpd[4636]: nts_do_authenticated_ntp_sync: returned cookies: 1
14 Apr 11:24:42 ntpd[4636]: nts_do_authenticated_ntp_sync: Cookie[0] f7 5e cf 63 c8 d6 34 a3 ...
14 Apr 11:24:42 ntpd[4636]: nts_do_authenticated_ntp_sync: Cookie[1] f7 5e cf 63 38 e6 e3 0c ...
14 Apr 11:24:42 ntpd[4636]: nts_do_authenticated_ntp_sync: Cookie[2] f7 5e cf 63 81 e8 6b 7c ...
14 Apr 11:24:42 ntpd[4636]: nts_do_authenticated_ntp_sync: Cookie[3] f7 5e cf 63 76 37 c5 61 ...
14 Apr 11:24:42 ntpd[4636]: nts_do_authenticated_ntp_sync: Cookie[4] f7 5e cf 63 91 81 6b 3b ...
14 Apr 11:24:42 ntpd[4636]: nts_do_authenticated_ntp_sync: Cookie[5] f7 5e cf 63 f6 b0 f5 13 ...
14 Apr 11:24:42 ntpd[4636]: nts_do_authenticated_ntp_sync: Cookie[6] f7 5e cf 63 19 7a 7b 47 ...
14 Apr 11:24:42 ntpd[4636]: nts_do_authenticated_ntp_sync: Cookie[7] f7 5e cf 63 c3 cb ab 58 ...
14 Apr 11:24:42 ntpd[4636]: nts_update_cookies_in_session: refreshed cookies saved to: C:\Users\sebi\AppData\Local\Temp\NTSClient\sth1.nts.netnod.se.sqlite
14 Apr 11:24:42 ntpd[4636]: nts_do_authenticated_ntp_sync: T1 client send    = 1776155082.673278809
14 Apr 11:24:42 ntpd[4636]: nts_do_authenticated_ntp_sync: T2 server receive = 1776155082.878676891
14 Apr 11:24:42 ntpd[4636]: nts_do_authenticated_ntp_sync: T3 server xmit    = 1776155082.878681421
14 Apr 11:24:42 ntpd[4636]: nts_do_authenticated_ntp_sync: T4 client recv    = 1776155082.738365173
14 Apr 11:24:42 ntpd[4636]: nts_do_authenticated_ntp_sync: Offset (sec) = 0.172857165
14 Apr 11:24:42 ntpd[4636]: nts_do_authenticated_ntp_sync: Delay  (sec) = 0.065081835
14 Apr 11:24:42 ntpd[4636]: nts_do_authenticated_ntp_sync: Offset (ms)  = 172.857165
14 Apr 11:24:42 ntpd[4636]: nts_do_authenticated_ntp_sync: Delay  (ms)  = 65.081835
14 Apr 11:24:43 ntpd[4636]: nts_run_peer_sync: loaded cached NTS session from C:\Users\sebi\AppData\Local\Temp\NTSClient\sth2.nts.netnod.se.sqlite
14 Apr 11:24:43 ntpd[4636]: nts_aead_seal: AEAD=15 key=32 aad=188 pt=0
14 Apr 11:24:43 ntpd[4636]: nts_aead_seal: success nonce=16 ciphertext=16
14 Apr 11:24:43 ntpd[4636]: nts_append_nts_authenticator_ef: nonceLen=16 ctLen=16 extraPadding=0
14 Apr 11:24:43 ntpd[4636]: nts_do_authenticated_ntp_sync: received UDP NTP response: 228 bytes
14 Apr 11:24:43 ntpd[4636]: nts_aead_open: AEAD=15 key=32 aad=84 nonce=16 ct=120
14 Apr 11:24:43 ntpd[4636]: nts_do_authenticated_ntp_sync: authenticated NTP response verified successfully
14 Apr 11:24:43 ntpd[4636]: nts_do_authenticated_ntp_sync: decrypted inner EF bytes: 104
14 Apr 11:24:43 ntpd[4636]: nts_do_authenticated_ntp_sync: cookies left after consume: 7
14 Apr 11:24:43 ntpd[4636]: nts_do_authenticated_ntp_sync: returned cookies: 1
14 Apr 11:24:43 ntpd[4636]: nts_do_authenticated_ntp_sync: Cookie[0] f7 5e cf 63 db 23 65 1e ...
14 Apr 11:24:43 ntpd[4636]: nts_do_authenticated_ntp_sync: Cookie[1] f7 5e cf 63 42 45 12 2f ...
14 Apr 11:24:43 ntpd[4636]: nts_do_authenticated_ntp_sync: Cookie[2] f7 5e cf 63 1a ce e0 6b ...
14 Apr 11:24:43 ntpd[4636]: nts_do_authenticated_ntp_sync: Cookie[3] f7 5e cf 63 14 8e 3b ab ...
14 Apr 11:24:43 ntpd[4636]: nts_do_authenticated_ntp_sync: Cookie[4] f7 5e cf 63 e9 2e 70 08 ...
14 Apr 11:24:43 ntpd[4636]: nts_do_authenticated_ntp_sync: Cookie[5] f7 5e cf 63 ee 69 fa 60 ...
14 Apr 11:24:43 ntpd[4636]: nts_do_authenticated_ntp_sync: Cookie[6] f7 5e cf 63 98 b2 cb 9a ...
14 Apr 11:24:43 ntpd[4636]: nts_do_authenticated_ntp_sync: Cookie[7] f7 5e cf 63 c5 96 09 48 ...
14 Apr 11:24:43 ntpd[4636]: nts_update_cookies_in_session: refreshed cookies saved to: C:\Users\sebi\AppData\Local\Temp\NTSClient\sth2.nts.netnod.se.sqlite
14 Apr 11:24:43 ntpd[4636]: nts_do_authenticated_ntp_sync: T1 client send    = 1776155083.688060760
14 Apr 11:24:43 ntpd[4636]: nts_do_authenticated_ntp_sync: T2 server receive = 1776155083.892856359
14 Apr 11:24:43 ntpd[4636]: nts_do_authenticated_ntp_sync: T3 server xmit    = 1776155083.892860889
14 Apr 11:24:43 ntpd[4636]: nts_do_authenticated_ntp_sync: T4 client recv    = 1776155083.752422333
14 Apr 11:24:43 ntpd[4636]: nts_do_authenticated_ntp_sync: Offset (sec) = 0.172617078
14 Apr 11:24:43 ntpd[4636]: nts_do_authenticated_ntp_sync: Delay  (sec) = 0.064357042
14 Apr 11:24:43 ntpd[4636]: nts_do_authenticated_ntp_sync: Offset (ms)  = 172.617078
14 Apr 11:24:43 ntpd[4636]: nts_do_authenticated_ntp_sync: Delay  (ms)  = 64.357042
14 Apr 11:24:46 ntpd[4636]: ntservice: The Network Time Protocol Service is stopping.
14 Apr 11:55:04 ntpd[5232]: ntpd 4.2.8p18@1.4091-o Apr 14 11:52:44.63 (UTC+03:00) 2026  (40): Starting
14 Apr 11:55:04 ntpd[5232]: Command line: ntpd.exe -U 3 -D 2 -M -g -c ntp.conf -l ntp.log
14 Apr 11:55:04 ntpd[5232]: ----------------------------------------------------
14 Apr 11:55:04 ntpd[5232]: ntp-4 is maintained by Network Time Foundation,
14 Apr 11:55:04 ntpd[5232]: Inc. (NTF), a non-profit 501(c)(3) public-benefit
14 Apr 11:55:04 ntpd[5232]: corporation.  Support and training for ntp-4 are
14 Apr 11:55:04 ntpd[5232]: available at https://www.nwtime.org/support
14 Apr 11:55:04 ntpd[5232]: ----------------------------------------------------
14 Apr 11:55:04 ntpd[5232]: DEBUG behavior is enabled - a violation of any diagnostic assertion will cause ntpd to abort
14 Apr 11:55:04 ntpd[5232]: Raised to realtime priority class
14 Apr 11:55:04 ntpd[5232]: Clock interrupt period 15.625 msec
14 Apr 11:55:04 ntpd[5232]: Performance counter frequency 10.000 MHz
14 Apr 11:55:04 ntpd[5232]: set_process_priority: Leave priority alone: priority_done is <2>
14 Apr 11:55:04 ntpd[5232]: proto: precision = 0.400 usec (-21)
14 Apr 11:55:04 ntpd[5232]: basedate set to 2026-04-02
14 Apr 11:55:04 ntpd[5232]: gps base set to 2026-04-05 (week 2413)
14 Apr 11:55:04 ntpd[5232]: Listen and drop on 0 v6wildcard [::]:123
14 Apr 11:55:04 ntpd[5232]: Listen and drop on 1 v4wildcard 0.0.0.0:123
14 Apr 11:55:04 ntpd[5232]: Listen normally on 2 Ethernet0 2 192.168.1.19:123
14 Apr 11:55:04 ntpd[5232]: Listen normally on 3 Loopback Pseudo-Interface 1 [::1]:123
14 Apr 11:55:04 ntpd[5232]: Listen normally on 4 Loopback Pseudo-Interface 1 127.0.0.1:123
14 Apr 11:55:11 ntpd[5232]: nts_send_udp_and_receive: recvfrom failed or timed out, WSAGetLastError=10060
14 Apr 11:55:11 ntpd[5232]: nts_do_authenticated_ntp_sync: nts_send_udp_and_receive failed
14 Apr 11:55:11 ntpd[5232]: nts_run_peer_sync: cached authenticated NTP failed due to network; keeping cached session
14 Apr 11:55:36 ntpd[5232]: ntservice: The Network Time Protocol Service is stopping.
14 Apr 11:55:40 ntpd[7224]: ntpd 4.2.8p18@1.4091-o Apr 14 11:52:44.63 (UTC+03:00) 2026  (40): Starting
14 Apr 11:55:40 ntpd[7224]: Command line: ntpd.exe -U 3 -D 4 -M -g -c ntp.conf -l ntp.log
14 Apr 11:55:40 ntpd[7224]: ----------------------------------------------------
14 Apr 11:55:40 ntpd[7224]: ntp-4 is maintained by Network Time Foundation,
14 Apr 11:55:40 ntpd[7224]: Inc. (NTF), a non-profit 501(c)(3) public-benefit
14 Apr 11:55:40 ntpd[7224]: corporation.  Support and training for ntp-4 are
14 Apr 11:55:40 ntpd[7224]: available at https://www.nwtime.org/support
14 Apr 11:55:40 ntpd[7224]: ----------------------------------------------------
14 Apr 11:55:40 ntpd[7224]: DEBUG behavior is enabled - a violation of any diagnostic assertion will cause ntpd to abort
14 Apr 11:55:40 ntpd[7224]: Raised to realtime priority class
14 Apr 11:55:40 ntpd[7224]: Clock interrupt period 15.625 msec
14 Apr 11:55:40 ntpd[7224]: Performance counter frequency 10.000 MHz
14 Apr 11:55:40 ntpd[7224]: set_process_priority: Leave priority alone: priority_done is <2>
14 Apr 11:55:40 ntpd[7224]: proto: precision = 0.300 usec (-22)
14 Apr 11:55:40 ntpd[7224]: basedate set to 2026-04-02
14 Apr 11:55:40 ntpd[7224]: gps base set to 2026-04-05 (week 2413)
14 Apr 11:55:40 ntpd[7224]: Listen and drop on 0 v6wildcard [::]:123
14 Apr 11:55:40 ntpd[7224]: Listen and drop on 1 v4wildcard 0.0.0.0:123
14 Apr 11:55:40 ntpd[7224]: Listen normally on 2 Ethernet0 2 192.168.1.19:123
14 Apr 11:55:40 ntpd[7224]: Listen normally on 3 Loopback Pseudo-Interface 1 [::1]:123
14 Apr 11:55:40 ntpd[7224]: Listen normally on 4 Loopback Pseudo-Interface 1 127.0.0.1:123
14 Apr 11:55:46 ntpd[7224]: nts_send_udp_and_receive: recvfrom failed or timed out, WSAGetLastError=10060
14 Apr 11:55:46 ntpd[7224]: nts_do_authenticated_ntp_sync: nts_send_udp_and_receive failed
14 Apr 11:55:46 ntpd[7224]: nts_run_peer_sync: cached authenticated NTP failed due to network; keeping cached session
14 Apr 11:56:26 ntpd[7224]: ntservice: The Network Time Protocol Service is stopping.
